query_id	hit_number	hit_top_hit_id	hit_top_hit_acc	hit_top_hit_title	hit_top_hit_sci_names	hit_top_hit_tax_ids	hit_top_hit_super_kingdoms	hit_top_hit_blast_names	hit_top_pct_identity	hit_top_hit_length	hit_top_alignment_length	hit_top_mismatches	hit_top_gap_opens	hit_top_query_start	hit_top_query_end	hit_top_hit_start	hit_top_hit_end	hit_top_evalue	hit_top_bit_score	hit_top_hit_rank	hit_top_kingdom	hit_top_supergroup	hit_top_division	hit_top_class	hit_top_order	hit_top_family	hit_top_genus	hit_top_species	hit_top_uncultured	hit_top_tax_organism	hit_top_tax_lineage	hit_pr2_hit_id	hit_pr2_hit_acc	hit_pr2_hit_title	hit_pr2_hit_sci_names	hit_pr2_hit_tax_ids	hit_pr2_hit_super_kingdoms	hit_pr2_hit_blast_names	hit_pr2_pct_identity	hit_pr2_hit_length	hit_pr2_alignment_length	hit_pr2_mismatches	hit_pr2_gap_opens	hit_pr2_query_start	hit_pr2_query_end	hit_pr2_hit_start	hit_pr2_hit_end	hit_pr2_evalue	hit_pr2_bit_score	hit_pr2_hit_rank	hit_pr2_kingdom	hit_pr2_supergroup	hit_pr2_division	hit_pr2_class	hit_pr2_order	hit_pr2_family	hit_pr2_genus	hit_pr2_species	hit_pr2_uncultured	hit_pr2_tax_organism	hit_pr2_tax_lineage	hit_cult_hit_id	hit_cult_hit_acc	hit_cult_hit_title	hit_cult_hit_sci_names	hit_cult_hit_tax_ids	hit_cult_hit_super_kingdoms	hit_cult_hit_blast_names	hit_cult_pct_identity	hit_cult_hit_length	hit_cult_alignment_length	hit_cult_mismatches	hit_cult_gap_opens	hit_cult_query_start	hit_cult_query_end	hit_cult_hit_start	hit_cult_hit_end	hit_cult_evalue	hit_cult_bit_score	hit_cult_hit_rank	hit_cult_kingdom	hit_cult_supergroup	hit_cult_division	hit_cult_class	hit_cult_order	hit_cult_family	hit_cult_genus	hit_cult_species	hit_cult_uncultured	hit_cult_tax_organism	hit_cult_tax_lineage	consensus_kingdom	consensus_supergroup	consensus_division	consensus_class	consensus_order	consensus_family	consensus_genus	consensus_n_hits	consensus_sum_bit_score	taxo_contradict
RCC5210	99	gi|156255426|gb|EU090013.1|	EU090013	Chaetoceros neogracile strain ArM0004 small subunit ribosomal RNA gene, partial sequence	Chaetoceros neogracilis	240364	Eukaryota	diatoms	100	1750	898	0	0	1	898	618	1515	0	1659	1	Eukaryota	Stramenopiles	Ochrophyta	Bacillariophyta	Bacillariophyta_X	Polar-centric-Mediophyceae	Chaetoceros	Chaetoceros_neogracile	FALSE	Chaetoceros neogracilis	cellular organisms; Eukaryota; Stramenopiles; Bacillariophyta; Coscinodiscophyceae; Chaetocerotophycidae; Chaetocerotales; Chaetocerotaceae; Chaetoceros; 	gi|156255426|gb|EU090013.1|	EU090013	Chaetoceros neogracile strain ArM0004 small subunit ribosomal RNA gene, partial sequence	Chaetoceros neogracilis	240364	Eukaryota	diatoms	100	1750	898	0	0	1	898	618	1515	0	1659	1	Eukaryota	Stramenopiles	Ochrophyta	Bacillariophyta	Bacillariophyta_X	Polar-centric-Mediophyceae	Chaetoceros	Chaetoceros_neogracile	FALSE	Chaetoceros neogracilis	cellular organisms; Eukaryota; Stramenopiles; Bacillariophyta; Coscinodiscophyceae; Chaetocerotophycidae; Chaetocerotales; Chaetocerotaceae; Chaetoceros; 	gi|156255426|gb|EU090013.1|	EU090013	Chaetoceros neogracile strain ArM0004 small subunit ribosomal RNA gene, partial sequence	Chaetoceros neogracilis	240364	Eukaryota	diatoms	100	1750	898	0	0	1	898	618	1515	0	1659	1	Eukaryota	Stramenopiles	Ochrophyta	Bacillariophyta	Bacillariophyta_X	Polar-centric-Mediophyceae	Chaetoceros	Chaetoceros_neogracile	FALSE	Chaetoceros neogracilis	cellular organisms; Eukaryota; Stramenopiles; Bacillariophyta; Coscinodiscophyceae; Chaetocerotophycidae; Chaetocerotales; Chaetocerotaceae; Chaetoceros; 	Eukaryota	Stramenopiles	Ochrophyta	Bacillariophyta	Bacillariophyta_X	Polar-centric-Mediophyceae	Chaetoceros	60	97650	
RCC5216	99	gi|329024938|gb|JF698839.1|	JF698839	Uncultured Cylindrotheca clone MALINA_St390_3m_Pico_P1D10 18S ribosomal RNA gene, partial sequence	uncultured Cylindrotheca	654889	Eukaryota	diatoms	99.76	852	834	2	0	1	834	9	842	0	1530	1	Eukaryota	Stramenopiles	Ochrophyta	Bacillariophyta	Bacillariophyta_X	Raphid-pennate	Cylindrotheca	Cylindrotheca_sp.	TRUE	uncultured Cylindrotheca	cellular organisms; Eukaryota; Stramenopiles; Bacillariophyta; Bacillariophyceae; Bacillariophycidae; Bacillariales; Bacillariaceae; Cylindrotheca; environmental samples; 	gi|329024938|gb|JF698839.1|	JF698839	Uncultured Cylindrotheca clone MALINA_St390_3m_Pico_P1D10 18S ribosomal RNA gene, partial sequence	uncultured Cylindrotheca	654889	Eukaryota	diatoms	99.76	852	834	2	0	1	834	9	842	0	1530	1	Eukaryota	Stramenopiles	Ochrophyta	Bacillariophyta	Bacillariophyta_X	Raphid-pennate	Cylindrotheca	Cylindrotheca_sp.	TRUE	uncultured Cylindrotheca	cellular organisms; Eukaryota; Stramenopiles; Bacillariophyta; Bacillariophyceae; Bacillariophycidae; Bacillariales; Bacillariaceae; Cylindrotheca; environmental samples; 	gi|45356666|gb|AY485455.1|	AY485455	Nitzschia closterium strain HP 18S ribosomal RNA gene, partial sequence	Cylindrotheca closterium	2856	Eukaryota	diatoms	98.921	1787	834	9	0	1	834	629	1462	0	1491	5	Eukaryota	Stramenopiles	Ochrophyta	Bacillariophyta	Bacillariophyta_X	Raphid-pennate	Nitzschia	Nitzschia_closterium	FALSE	Cylindrotheca closterium	cellular organisms; Eukaryota; Stramenopiles; Bacillariophyta; Bacillariophyceae; Bacillariophycidae; Bacillariales; Bacillariaceae; Cylindrotheca; 	Eukaryota	Stramenopiles	Ochrophyta	Bacillariophyta	Bacillariophyta_X	Raphid-pennate	Cylindrotheca	37	53629	
RCC5239	100	gi|409178509|gb|JQ956285.1|	JQ956285	Uncultured eukaryote clone MAL106_6_E2 18S ribosomal RNA gene, partial sequence	uncultured eukaryote	100272	Eukaryota	eukaryotes	99.87	1657	769	1	0	1	769	556	1324	0	1415	1	Eukaryota	Archaeplastida	Chlorophyta	Mamiellophyceae	Mamiellales	Mamiellaceae	Micromonas	Micromonas_polaris	TRUE	uncultured eukaryote	cellular organisms; Eukaryota; environmental samples; 	gi|409178509|gb|JQ956285.1|	JQ956285	Uncultured eukaryote clone MAL106_6_E2 18S ribosomal RNA gene, partial sequence	uncultured eukaryote	100272	Eukaryota	eukaryotes	99.87	1657	769	1	0	1	769	556	1324	0	1415	1	Eukaryota	Archaeplastida	Chlorophyta	Mamiellophyceae	Mamiellales	Mamiellaceae	Micromonas	Micromonas_polaris	TRUE	uncultured eukaryote	cellular organisms; Eukaryota; environmental samples; 	gi|65427928|gb|AY954999.1|	AY954999	Micromonas pusilla strain CCMP2099 genotype A 18S ribosomal RNA gene, partial sequence; internal transcribed spacer 1, 5.8S ribosomal RNA gene, and internal transcribed spacer 2, complete sequence; and 26S ribosomal RNA gene, partial sequence	Micromonas pusilla	38833	Eukaryota	green algae	99.87	2289	769	0	1	1	769	556	1323	0	1413	2	Eukaryota	Archaeplastida	Chlorophyta	Mamiellophyceae	Mamiellales	Mamiellaceae	Micromonas	Micromonas_polaris	FALSE	Micromonas pusilla	cellular organisms; Eukaryota; Viridiplantae; Chlorophyta; prasinophytes; Mamiellophyceae; Mamiellales; Mamiellaceae; Micromonas; 	Eukaryota	Archaeplastida	Chlorophyta	Mamiellophyceae	Mamiellales	Mamiellaceae	Micromonas	87	122751	
RCC5246	94	gi|187710948|gb|EU664590.1|	EU664590	Uncultured cryptophyte clone 05M80r.44 18S ribosomal RNA gene, partial sequence	uncultured Cryptophyta	243282	Eukaryota	cryptomonads	100	968	636	0	0	1	636	7	642	0	1175	1	Eukaryota	Hacrobia	Cryptophyta	Cryptophyceae	Cryptophyceae_X	Cryptomonadales	Cryptomonadales_X	Cryptomonadales_X_sp.	TRUE	uncultured Cryptophyta	cellular organisms; Eukaryota; Cryptophyta; environmental samples; 	gi|187710948|gb|EU664590.1|	EU664590	Uncultured cryptophyte clone 05M80r.44 18S ribosomal RNA gene, partial sequence	uncultured Cryptophyta	243282	Eukaryota	cryptomonads	100	968	636	0	0	1	636	7	642	0	1175	1	Eukaryota	Hacrobia	Cryptophyta	Cryptophyceae	Cryptophyceae_X	Cryptomonadales	Cryptomonadales_X	Cryptomonadales_X_sp.	TRUE	uncultured Cryptophyta	cellular organisms; Eukaryota; Cryptophyta; environmental samples; 	gi|281484930|gb|GQ375264.1|	GQ375264	Cryptophyceae sp. CCMP2045 18S ribosomal RNA gene, partial sequence	Cryptophyceae sp. CCMP2045	697909	Eukaryota	cryptomonads	100	1704	636	0	0	1	636	544	1179	0	1175	3	Eukaryota	Hacrobia	Cryptophyta	Cryptophyceae	Cryptophyceae_X	Cryptomonadales	Falcomonas	Falcomonas_daucoides	FALSE	Cryptophyceae sp. CCMP2045	cellular organisms; Eukaryota; Cryptophyta; unclassified Cryptophyta; 	Eukaryota	Hacrobia	Cryptophyta	Cryptophyceae	Cryptophyceae_X	Cryptomonadales	Cryptomonadales_X	26	29774	
RCC5251	100	gi|337289610|gb|JF794050.1|	JF794050	Pelagophyceae sp. RCC2040 18S ribosomal RNA gene, partial sequence	Pelagophyceae sp. RCC2040	1035525	Eukaryota	pelagophytes	100	1619	980	0	0	1	980	544	1523	0	1810	1	Eukaryota	Stramenopiles	Ochrophyta	Pelagophyceae	Sarcinochrysidales	Sarcinochrysidaceae	Ankylochrysis	Ankylochrysis_sp.	FALSE	Pelagophyceae sp. RCC2040	cellular organisms; Eukaryota; Stramenopiles; Pelagophyceae; unclassified Pelagophyceae; 	gi|337289610|gb|JF794050.1|	JF794050	Pelagophyceae sp. RCC2040 18S ribosomal RNA gene, partial sequence	Pelagophyceae sp. RCC2040	1035525	Eukaryota	pelagophytes	100	1619	980	0	0	1	980	544	1523	0	1810	1	Eukaryota	Stramenopiles	Ochrophyta	Pelagophyceae	Sarcinochrysidales	Sarcinochrysidaceae	Ankylochrysis	Ankylochrysis_sp.	FALSE	Pelagophyceae sp. RCC2040	cellular organisms; Eukaryota; Stramenopiles; Pelagophyceae; unclassified Pelagophyceae; 	gi|337289610|gb|JF794050.1|	JF794050	Pelagophyceae sp. RCC2040 18S ribosomal RNA gene, partial sequence	Pelagophyceae sp. RCC2040	1035525	Eukaryota	pelagophytes	100	1619	980	0	0	1	980	544	1523	0	1810	1	Eukaryota	Stramenopiles	Ochrophyta	Pelagophyceae	Sarcinochrysidales	Sarcinochrysidaceae	Ankylochrysis	Ankylochrysis_sp.	FALSE	Pelagophyceae sp. RCC2040	cellular organisms; Eukaryota; Stramenopiles; Pelagophyceae; unclassified Pelagophyceae; 	Eukaryota	Stramenopiles	Ochrophyta	Pelagophyceae	Pelagomonadales	Pelagomonadaceae	Pelagomonas	34	55704	
RCC5261	97	gi|285027286|gb|FJ971914.1|	FJ971914	Uncultured marine eukaryote clone Ar1663d47 18S ribosomal RNA gene, partial sequence	uncultured marine eukaryote	203449	Eukaryota	eukaryotes	100	964	433	0	0	1	433	66	498	0	800	1	Eukaryota	Stramenopiles	Ochrophyta	Chrysophyceae	Chrysophyceae_X	Chrysophyceae_Clade-C	Chrysophyceae_Clade-C_X	Chrysophyceae_Clade-C_X_sp.	TRUE	uncultured marine eukaryote	cellular organisms; Eukaryota; environmental samples; 	gi|285027286|gb|FJ971914.1|	FJ971914	Uncultured marine eukaryote clone Ar1663d47 18S ribosomal RNA gene, partial sequence	uncultured marine eukaryote	203449	Eukaryota	eukaryotes	100	964	433	0	0	1	433	66	498	0	800	1	Eukaryota	Stramenopiles	Ochrophyta	Chrysophyceae	Chrysophyceae_X	Chrysophyceae_Clade-C	Chrysophyceae_Clade-C_X	Chrysophyceae_Clade-C_X_sp.	TRUE	uncultured marine eukaryote	cellular organisms; Eukaryota; environmental samples; 	gi|337289615|gb|JF794055.1|	JF794055	Chrysophyceae sp. RCC2290 18S ribosomal RNA gene, partial sequence	Chrysophyceae sp. RCC2290	1035521	Eukaryota	golden algae	100	1611	433	0	0	1	433	591	1023	0	800	2	Eukaryota	Stramenopiles	Ochrophyta	Chrysophyceae	Chrysophyceae_X	Chrysophyceae_Clade-C	Chrysophyceae_Clade-C_X	Chrysophyceae_Clade-C_X_sp.	FALSE	Chrysophyceae sp. RCC2290	cellular organisms; Eukaryota; Stramenopiles; Chrysophyceae; unclassified Chrysophyceae; 	Eukaryota	Stramenopiles	Ochrophyta	Chrysophyceae	Chrysophyceae_X	Chrysophyceae_Clade-C	Chrysophyceae_Clade-C_X	44	33225	
RCC5264	99	gi|160415935|gb|EU247836.1|	EU247836	Pedinellales sp. CCMP2098 18S ribosomal RNA gene, partial sequence	Pedinellales sp. CCMP2098	483369	Eukaryota	eukaryotes	99.747	1732	792	2	0	1	792	561	1352	0	1452	1	Eukaryota	Stramenopiles	Ochrophyta	Dictyochophyceae	Dictyochophyceae_X	Pedinellales	Pedinellales_X	Pedinellales_X_sp.	FALSE	Pedinellales sp. CCMP2098	cellular organisms; Eukaryota; Stramenopiles; Dictyochophyceae; Pedinellales; unclassified Pedinellales; 	gi|160415935|gb|EU247836.1|	EU247836	Pedinellales sp. CCMP2098 18S ribosomal RNA gene, partial sequence	Pedinellales sp. CCMP2098	483369	Eukaryota	eukaryotes	99.747	1732	792	2	0	1	792	561	1352	0	1452	1	Eukaryota	Stramenopiles	Ochrophyta	Dictyochophyceae	Dictyochophyceae_X	Pedinellales	Pedinellales_X	Pedinellales_X_sp.	FALSE	Pedinellales sp. CCMP2098	cellular organisms; Eukaryota; Stramenopiles; Dictyochophyceae; Pedinellales; unclassified Pedinellales; 	gi|160415935|gb|EU247836.1|	EU247836	Pedinellales sp. CCMP2098 18S ribosomal RNA gene, partial sequence	Pedinellales sp. CCMP2098	483369	Eukaryota	eukaryotes	99.747	1732	792	2	0	1	792	561	1352	0	1452	1	Eukaryota	Stramenopiles	Ochrophyta	Dictyochophyceae	Dictyochophyceae_X	Pedinellales	Pedinellales_X	Pedinellales_X_sp.	FALSE	Pedinellales sp. CCMP2098	cellular organisms; Eukaryota; Stramenopiles; Dictyochophyceae; Pedinellales; unclassified Pedinellales; 	Eukaryota	Stramenopiles	Ochrophyta	Dictyochophyceae	Dictyochophyceae_X	Pedinellales	Pedinellales_X	11	15011	Division: Ochrophyta (N hits>90% = 71 - mean id = 95.20) - Division: Eukaryota_XX (N hits>90% = 1 - mean id = 93.38)
RCC5266	101	gi|336318097|gb|HM581777.1|	HM581777	Uncultured marine eukaryote clone CNCIII51_13 18S ribosomal RNA gene, partial sequence	uncultured marine eukaryote	203449	Eukaryota	eukaryotes	100	1778	742	0	0	1	742	628	1369	0	1371	1	Eukaryota	Stramenopiles	Ochrophyta	Bacillariophyta	Bacillariophyta_X	Polar-centric-Mediophyceae	Chaetoceros	Chaetoceros_socialis	TRUE	uncultured marine eukaryote	cellular organisms; Eukaryota; environmental samples; 	gi|336318097|gb|HM581777.1|	HM581777	Uncultured marine eukaryote clone CNCIII51_13 18S ribosomal RNA gene, partial sequence	uncultured marine eukaryote	203449	Eukaryota	eukaryotes	100	1778	742	0	0	1	742	628	1369	0	1371	1	Eukaryota	Stramenopiles	Ochrophyta	Bacillariophyta	Bacillariophyta_X	Polar-centric-Mediophyceae	Chaetoceros	Chaetoceros_socialis	TRUE	uncultured marine eukaryote	cellular organisms; Eukaryota; environmental samples; 	gi|337289602|gb|JF794042.1|	JF794042	Chaetoceros cf. socialis strain RCC1992 18S ribosomal RNA gene, partial sequence	Chaetoceros cf. socialis	1035519	Eukaryota	diatoms	100	1630	742	0	0	1	742	541	1282	0	1371	13	Eukaryota	Stramenopiles	Ochrophyta	Bacillariophyta	Bacillariophyta_X	Polar-centric-Mediophyceae	Chaetoceros	Chaetoceros_socialis	FALSE	Chaetoceros cf. socialis	cellular organisms; Eukaryota; Stramenopiles; Bacillariophyta; Coscinodiscophyceae; Chaetocerotophycidae; Chaetocerotales; Chaetocerotaceae; Chaetoceros; 	Eukaryota	Stramenopiles	Ochrophyta	Bacillariophyta	Bacillariophyta_X	Polar-centric-Mediophyceae	Polar-centric-Mediophyceae_X	37	50276	
RCC5269	98	gi|14329779|emb|AJ404886.1|	AJ404886	Pyramimonas australis partial 18S rRNA gene	Pyramimonas australis	132611	Eukaryota	green algae	99.758	1724	825	2	0	4	828	587	1411	0	1513	1	Eukaryota	Archaeplastida	Chlorophyta	Pyramimonadales	Pyramimonadales_X	Pyramimonadales_XX	Pyramimonas	Pyramimonas_australis	FALSE	Pyramimonas australis	cellular organisms; Eukaryota; Viridiplantae; Chlorophyta; prasinophytes; Pyramimonadales; Pyramimonas; 	gi|14329779|emb|AJ404886.1|	AJ404886	Pyramimonas australis partial 18S rRNA gene	Pyramimonas australis	132611	Eukaryota	green algae	99.758	1724	825	2	0	4	828	587	1411	0	1513	1	Eukaryota	Archaeplastida	Chlorophyta	Pyramimonadales	Pyramimonadales_X	Pyramimonadales_XX	Pyramimonas	Pyramimonas_australis	FALSE	Pyramimonas australis	cellular organisms; Eukaryota; Viridiplantae; Chlorophyta; prasinophytes; Pyramimonadales; Pyramimonas; 	gi|14329779|emb|AJ404886.1|	AJ404886	Pyramimonas australis partial 18S rRNA gene	Pyramimonas australis	132611	Eukaryota	green algae	99.758	1724	825	2	0	4	828	587	1411	0	1513	1	Eukaryota	Archaeplastida	Chlorophyta	Pyramimonadales	Pyramimonadales_X	Pyramimonadales_XX	Pyramimonas	Pyramimonas_australis	FALSE	Pyramimonas australis	cellular organisms; Eukaryota; Viridiplantae; Chlorophyta; prasinophytes; Pyramimonadales; Pyramimonas; 	Eukaryota	Archaeplastida	Chlorophyta	Pyramimonadales	Pyramimonadales_X	Pyramimonadales_XX	Pyramimonas	63	86341	
RCC5270	100	gi|564732341|gb|KF684962.1|	KF684962	Pseudohaptolina sorokinii isolate PB2013 small subunit ribosomal RNA gene, partial sequence	Pseudohaptolina sorokinii	1891361	Eukaryota	haptophytes	99.435	1757	708	3	1	1	708	579	1285	0	1284	1	Eukaryota	Hacrobia	Haptophyta	Prymnesiophyceae	Prymnesiales	Prymnesiaceae	Pseudohaptolina	Pseudohaptolina_birgeri	FALSE	Pseudohaptolina sorokinii	cellular organisms; Eukaryota; Haptophyceae; Prymnesiales; Prymnesiaceae; Pseudohaptolina; 	gi|564732341|gb|KF684962.1|	KF684962	Pseudohaptolina sorokinii isolate PB2013 small subunit ribosomal RNA gene, partial sequence	Pseudohaptolina sorokinii	1891361	Eukaryota	haptophytes	99.435	1757	708	3	1	1	708	579	1285	0	1284	1	Eukaryota	Hacrobia	Haptophyta	Prymnesiophyceae	Prymnesiales	Prymnesiaceae	Pseudohaptolina	Pseudohaptolina_birgeri	FALSE	Pseudohaptolina sorokinii	cellular organisms; Eukaryota; Haptophyceae; Prymnesiales; Prymnesiaceae; Pseudohaptolina; 	gi|564732341|gb|KF684962.1|	KF684962	Pseudohaptolina sorokinii isolate PB2013 small subunit ribosomal RNA gene, partial sequence	Pseudohaptolina sorokinii	1891361	Eukaryota	haptophytes	99.435	1757	708	3	1	1	708	579	1285	0	1284	1	Eukaryota	Hacrobia	Haptophyta	Prymnesiophyceae	Prymnesiales	Prymnesiaceae	Pseudohaptolina	Pseudohaptolina_birgeri	FALSE	Pseudohaptolina sorokinii	cellular organisms; Eukaryota; Haptophyceae; Prymnesiales; Prymnesiaceae; Pseudohaptolina; 	Eukaryota	Hacrobia	Haptophyta	Prymnesiophyceae	Prymnesiales	Chrysochromulinaceae	Chrysochromulina	13	15598	
RCC5273	100	gi|329024883|gb|JF698784.1|	JF698784	Uncultured Mantoniella clone MALINA_St320_3m_Nano_ES069_D5 18S ribosomal RNA gene, partial sequence	uncultured Mantoniella	528329	Eukaryota	green algae	100	1599	643	0	0	1	643	523	1165	0	1188	1	Eukaryota	Archaeplastida	Chlorophyta	Mamiellophyceae	Mamiellales	Mamiellaceae	Mantoniella	Mantoniella_squamata	TRUE	uncultured Mantoniella	cellular organisms; Eukaryota; Viridiplantae; Chlorophyta; prasinophytes; Mamiellophyceae; Mamiellales; environmental samples; 	gi|329024883|gb|JF698784.1|	JF698784	Uncultured Mantoniella clone MALINA_St320_3m_Nano_ES069_D5 18S ribosomal RNA gene, partial sequence	uncultured Mantoniella	528329	Eukaryota	green algae	100	1599	643	0	0	1	643	523	1165	0	1188	1	Eukaryota	Archaeplastida	Chlorophyta	Mamiellophyceae	Mamiellales	Mamiellaceae	Mantoniella	Mantoniella_squamata	TRUE	uncultured Mantoniella	cellular organisms; Eukaryota; Viridiplantae; Chlorophyta; prasinophytes; Mamiellophyceae; Mamiellales; environmental samples; 	gi|393698|emb|X73999.1|	X73999	M.squamata gene for 18S small subunit rRNA	Mantoniella squamata	13608	Eukaryota	green algae	100	1780	643	0	0	1	643	619	1261	0	1188	3	Eukaryota	Archaeplastida	Chlorophyta	Mamiellophyceae	Mamiellales	Mamiellaceae	Mantoniella	Mantoniella_squamata	FALSE	Mantoniella squamata	cellular organisms; Eukaryota; Viridiplantae; Chlorophyta; prasinophytes; Mamiellophyceae; Mamiellales; Mamiellaceae; Mantoniella; 	Eukaryota	Archaeplastida	Chlorophyta	Mamiellophyceae	Mamiellales	Mamiellaceae	Micromonas	32	36282	
RCC5284	99	gi|133901618|gb|EF432515.1|	EF432515	Prasinophyceae sp. RS-11 clone C2 18S ribosomal RNA gene, partial sequence	prasinophyte sp. RS-11	429241	Eukaryota	green algae	99.895	1719	951	1	0	1	951	573	1523	0	1751	1	Eukaryota	Archaeplastida	Chlorophyta	Pyramimonadales	Pyramimonadales_X	Pyramimonadales_XX	Pyramimonas	Pyramimonas_sp.	FALSE	prasinophyte sp. RS-11	cellular organisms; Eukaryota; Viridiplantae; Chlorophyta; prasinophytes; unclassified prasinophytes; 	gi|133901618|gb|EF432515.1|	EF432515	Prasinophyceae sp. RS-11 clone C2 18S ribosomal RNA gene, partial sequence	prasinophyte sp. RS-11	429241	Eukaryota	green algae	99.895	1719	951	1	0	1	951	573	1523	0	1751	1	Eukaryota	Archaeplastida	Chlorophyta	Pyramimonadales	Pyramimonadales_X	Pyramimonadales_XX	Pyramimonas	Pyramimonas_sp.	FALSE	prasinophyte sp. RS-11	cellular organisms; Eukaryota; Viridiplantae; Chlorophyta; prasinophytes; unclassified prasinophytes; 	gi|133901618|gb|EF432515.1|	EF432515	Prasinophyceae sp. RS-11 clone C2 18S ribosomal RNA gene, partial sequence	prasinophyte sp. RS-11	429241	Eukaryota	green algae	99.895	1719	951	1	0	1	951	573	1523	0	1751	1	Eukaryota	Archaeplastida	Chlorophyta	Pyramimonadales	Pyramimonadales_X	Pyramimonadales_XX	Pyramimonas	Pyramimonas_sp.	FALSE	prasinophyte sp. RS-11	cellular organisms; Eukaryota; Viridiplantae; Chlorophyta; prasinophytes; unclassified prasinophytes; 	Eukaryota	Archaeplastida	Chlorophyta	Pyramimonadales	Pyramimonadales_X	Pyramimonadales_XX	Pyramimonas	70	115362	
RCC5291	98	gi|45356675|gb|AY485464.1|	AY485464	Synedra hyperborea strain CCMP1423 18S ribosomal RNA gene, partial sequence	Synedra hyperborea	265534	Eukaryota	diatoms	99.903	1691	1026	0	1	1	1026	573	1597	0	1888	1	Eukaryota	Stramenopiles	Ochrophyta	Bacillariophyta	Bacillariophyta_X	Araphid-pennate	Synedra	Synedra_hyperborea	FALSE	Synedra hyperborea	cellular organisms; Eukaryota; Stramenopiles; Bacillariophyta; Fragilariophyceae; Fragilariophycidae; Fragilariales; Fragilariaceae; Synedra; 	gi|45356675|gb|AY485464.1|	AY485464	Synedra hyperborea strain CCMP1423 18S ribosomal RNA gene, partial sequence	Synedra hyperborea	265534	Eukaryota	diatoms	99.903	1691	1026	0	1	1	1026	573	1597	0	1888	1	Eukaryota	Stramenopiles	Ochrophyta	Bacillariophyta	Bacillariophyta_X	Araphid-pennate	Synedra	Synedra_hyperborea	FALSE	Synedra hyperborea	cellular organisms; Eukaryota; Stramenopiles; Bacillariophyta; Fragilariophyceae; Fragilariophycidae; Fragilariales; Fragilariaceae; Synedra; 	gi|45356675|gb|AY485464.1|	AY485464	Synedra hyperborea strain CCMP1423 18S ribosomal RNA gene, partial sequence	Synedra hyperborea	265534	Eukaryota	diatoms	99.903	1691	1026	0	1	1	1026	573	1597	0	1888	1	Eukaryota	Stramenopiles	Ochrophyta	Bacillariophyta	Bacillariophyta_X	Araphid-pennate	Synedra	Synedra_hyperborea	FALSE	Synedra hyperborea	cellular organisms; Eukaryota; Stramenopiles; Bacillariophyta; Fragilariophyceae; Fragilariophycidae; Fragilariales; Fragilariaceae; Synedra; 	Eukaryota	Stramenopiles	Ochrophyta	Bacillariophyta	Bacillariophyta_X	Araphid-pennate	Fragilaria	27	47105	
RCC5301	99	gi|14579426|gb|AF363156.1|	AF363156	Eukaryote marine clone ANT37-3 clone ANT37-3 18S ribosomal RNA gene, partial sequence	eukaryote marine clone ANT37-3	162578	Eukaryota	eukaryotes	99.754	741	406	1	0	1	406	179	584	0	745	1									FALSE	eukaryote marine clone ANT37-3	cellular organisms; Eukaryota; environmental samples; named eukaryotic clones; 	gi|304441677|gb|HM561186.1|	HM561186	Uncultured Prasinophyceae clone CFL146DB03 18S ribosomal RNA gene, partial sequence	uncultured prasinophyte	157820	Eukaryota	green algae	99.754	974	406	1	0	1	406	196	601	0	745	3	Eukaryota	Archaeplastida	Chlorophyta	Mamiellophyceae	Mamiellales	Mamiellaceae	Micromonas	Micromonas_polaris	TRUE	uncultured prasinophyte	cellular organisms; Eukaryota; Viridiplantae; Chlorophyta; prasinophytes; environmental samples; 	gi|14579426|gb|AF363156.1|	AF363156	Eukaryote marine clone ANT37-3 clone ANT37-3 18S ribosomal RNA gene, partial sequence	eukaryote marine clone ANT37-3	162578	Eukaryota	eukaryotes	99.754	741	406	1	0	1	406	179	584	0	745	1									FALSE	eukaryote marine clone ANT37-3	cellular organisms; Eukaryota; environmental samples; named eukaryotic clones; 	Eukaryota	Archaeplastida	Chlorophyta	Mamiellophyceae	Mamiellales	Mamiellaceae	Micromonas	29	20419	
RCC5303	99	gi|329024938|gb|JF698839.1|	JF698839	Uncultured Cylindrotheca clone MALINA_St390_3m_Pico_P1D10 18S ribosomal RNA gene, partial sequence	uncultured Cylindrotheca	654889	Eukaryota	diatoms	100	852	688	0	0	1	688	9	696	0	1271	1	Eukaryota	Stramenopiles	Ochrophyta	Bacillariophyta	Bacillariophyta_X	Raphid-pennate	Cylindrotheca	Cylindrotheca_sp.	TRUE	uncultured Cylindrotheca	cellular organisms; Eukaryota; Stramenopiles; Bacillariophyta; Bacillariophyceae; Bacillariophycidae; Bacillariales; Bacillariaceae; Cylindrotheca; environmental samples; 	gi|329024938|gb|JF698839.1|	JF698839	Uncultured Cylindrotheca clone MALINA_St390_3m_Pico_P1D10 18S ribosomal RNA gene, partial sequence	uncultured Cylindrotheca	654889	Eukaryota	diatoms	100	852	688	0	0	1	688	9	696	0	1271	1	Eukaryota	Stramenopiles	Ochrophyta	Bacillariophyta	Bacillariophyta_X	Raphid-pennate	Cylindrotheca	Cylindrotheca_sp.	TRUE	uncultured Cylindrotheca	cellular organisms; Eukaryota; Stramenopiles; Bacillariophyta; Bacillariophyceae; Bacillariophycidae; Bacillariales; Bacillariaceae; Cylindrotheca; environmental samples; 	gi|45356666|gb|AY485455.1|	AY485455	Nitzschia closterium strain HP 18S ribosomal RNA gene, partial sequence	Cylindrotheca closterium	2856	Eukaryota	diatoms	98.692	1787	688	9	0	1	688	629	1316	0	1221	6	Eukaryota	Stramenopiles	Ochrophyta	Bacillariophyta	Bacillariophyta_X	Raphid-pennate	Nitzschia	Nitzschia_closterium	FALSE	Cylindrotheca closterium	cellular organisms; Eukaryota; Stramenopiles; Bacillariophyta; Bacillariophyceae; Bacillariophycidae; Bacillariales; Bacillariaceae; Cylindrotheca; 	Eukaryota	Stramenopiles	Ochrophyta	Bacillariophyta	Bacillariophyta_X	Raphid-pennate	Cylindrotheca	28	33496	
RCC5305	99	gi|226490395|dbj|AB451190.1|	AB451190	Chlamydomonas kuwadae gene for 18S rRNA, partial sequence, strain: NIES-968	Chlamydomonas kuwadae	193548	Eukaryota	green algae	100	1692	670	0	0	1	670	575	1244	0	1238	1	Eukaryota	Archaeplastida	Chlorophyta	Chlorophyceae	Chlamydomonadales	Chlamydomonadales_X	Chlamydomonas	Chlamydomonas_kuwadae	FALSE	Chlamydomonas kuwadae	cellular organisms; Eukaryota; Viridiplantae; Chlorophyta; Chlorophyceae; Chlamydomonadales; Chlamydomonadaceae; Chlamydomonas; 	gi|226490395|dbj|AB451190.1|	AB451190	Chlamydomonas kuwadae gene for 18S rRNA, partial sequence, strain: NIES-968	Chlamydomonas kuwadae	193548	Eukaryota	green algae	100	1692	670	0	0	1	670	575	1244	0	1238	1	Eukaryota	Archaeplastida	Chlorophyta	Chlorophyceae	Chlamydomonadales	Chlamydomonadales_X	Chlamydomonas	Chlamydomonas_kuwadae	FALSE	Chlamydomonas kuwadae	cellular organisms; Eukaryota; Viridiplantae; Chlorophyta; Chlorophyceae; Chlamydomonadales; Chlamydomonadaceae; Chlamydomonas; 	gi|226490395|dbj|AB451190.1|	AB451190	Chlamydomonas kuwadae gene for 18S rRNA, partial sequence, strain: NIES-968	Chlamydomonas kuwadae	193548	Eukaryota	green algae	100	1692	670	0	0	1	670	575	1244	0	1238	1	Eukaryota	Archaeplastida	Chlorophyta	Chlorophyceae	Chlamydomonadales	Chlamydomonadales_X	Chlamydomonas	Chlamydomonas_kuwadae	FALSE	Chlamydomonas kuwadae	cellular organisms; Eukaryota; Viridiplantae; Chlorophyta; Chlorophyceae; Chlamydomonadales; Chlamydomonadaceae; Chlamydomonas; 	Eukaryota	Archaeplastida	Chlorophyta	Chlorophyceae	Chlamydomonadales	Chlamydomonadales_X	Chlamydomonas	31	36778	
RCC5319	95	gi|670804401|gb|KJ577852.1|	KJ577852	Coscinodiscus jonesianus isolate 24VI12-1ACoscjones 18S small subunit ribosomal RNA gene, partial sequence	Coscinodiscus jonesianus	1527803	Eukaryota	diatoms	95.204	1773	563	27	0	64	626	747	1309	0	891	1	Eukaryota	Stramenopiles	Ochrophyta	Bacillariophyta	Bacillariophyta_X	Radial-centric-basal-Coscinodiscophyceae	Coscinodiscus	Coscinodiscus_jonesianus	FALSE	Coscinodiscus jonesianus	cellular organisms; Eukaryota; Stramenopiles; Bacillariophyta; Coscinodiscophyceae; Coscinodiscophycidae; Coscinodiscales; Coscinodiscaceae; Coscinodiscus; 	gi|670804401|gb|KJ577852.1|	KJ577852	Coscinodiscus jonesianus isolate 24VI12-1ACoscjones 18S small subunit ribosomal RNA gene, partial sequence	Coscinodiscus jonesianus	1527803	Eukaryota	diatoms	95.204	1773	563	27	0	64	626	747	1309	0	891	1	Eukaryota	Stramenopiles	Ochrophyta	Bacillariophyta	Bacillariophyta_X	Radial-centric-basal-Coscinodiscophyceae	Coscinodiscus	Coscinodiscus_jonesianus	FALSE	Coscinodiscus jonesianus	cellular organisms; Eukaryota; Stramenopiles; Bacillariophyta; Coscinodiscophyceae; Coscinodiscophycidae; Coscinodiscales; Coscinodiscaceae; Coscinodiscus; 	gi|670804401|gb|KJ577852.1|	KJ577852	Coscinodiscus jonesianus isolate 24VI12-1ACoscjones 18S small subunit ribosomal RNA gene, partial sequence	Coscinodiscus jonesianus	1527803	Eukaryota	diatoms	95.204	1773	563	27	0	64	626	747	1309	0	891	1	Eukaryota	Stramenopiles	Ochrophyta	Bacillariophyta	Bacillariophyta_X	Radial-centric-basal-Coscinodiscophyceae	Coscinodiscus	Coscinodiscus_jonesianus	FALSE	Coscinodiscus jonesianus	cellular organisms; Eukaryota; Stramenopiles; Bacillariophyta; Coscinodiscophyceae; Coscinodiscophycidae; Coscinodiscales; Coscinodiscaceae; Coscinodiscus; 										
RCC5327	99	gi|409178289|gb|JQ956065.1|	JQ956065	Uncultured eukaryote clone CB432L13 18S ribosomal RNA gene, partial sequence	uncultured eukaryote	100272	Eukaryota	eukaryotes	100	966	910	0	0	1	910	7	916	0	1681	1	Eukaryota	Stramenopiles	Ochrophyta	Bacillariophyta	Bacillariophyta_X	Polar-centric-Mediophyceae	Polar-centric-Mediophyceae_X	Polar-centric-Mediophyceae_X_sp.	TRUE	uncultured eukaryote	cellular organisms; Eukaryota; environmental samples; 	gi|409178289|gb|JQ956065.1|	JQ956065	Uncultured eukaryote clone CB432L13 18S ribosomal RNA gene, partial sequence	uncultured eukaryote	100272	Eukaryota	eukaryotes	100	966	910	0	0	1	910	7	916	0	1681	1	Eukaryota	Stramenopiles	Ochrophyta	Bacillariophyta	Bacillariophyta_X	Polar-centric-Mediophyceae	Polar-centric-Mediophyceae_X	Polar-centric-Mediophyceae_X_sp.	TRUE	uncultured eukaryote	cellular organisms; Eukaryota; environmental samples; 	gi|98990697|gb|DQ514873.1|	DQ514873	Thalassiosira aestivalis strain CCMP976 18S small subunit ribosomal RNA gene, partial sequence	Thalassiosira aestivalis	340024	Eukaryota	diatoms	99.451	1773	910	5	0	1	910	624	1533	0	1653	3	Eukaryota	Stramenopiles	Ochrophyta	Bacillariophyta	Bacillariophyta_X	Polar-centric-Mediophyceae	Thalassiosira	Thalassiosira_aestivalis	FALSE	Thalassiosira aestivalis	cellular organisms; Eukaryota; Stramenopiles; Bacillariophyta; Coscinodiscophyceae; Thalassiosirophycidae; Thalassiosirales; Thalassiosiraceae; Thalassiosira; 	Eukaryota	Stramenopiles	Ochrophyta	Bacillariophyta	Bacillariophyta_X	Polar-centric-Mediophyceae	Thalassiosira	41	66993	Division: Ochrophyta (N hits>90% = 76 - mean id = 99.04) - Division: Metazoa (N hits>90% = 2 - mean id = 99.01)
RCC5328	94	gi|98990718|gb|DQ514894.1|	DQ514894	Bacterosira bathyomphala strain NB04-B6 18S small subunit ribosomal RNA gene, partial sequence	Bacterosira bathyomphala	382377	Eukaryota	diatoms	100	1770	655	0	0	1	655	634	1288	0	1210	1	Eukaryota	Stramenopiles	Ochrophyta	Bacillariophyta	Bacillariophyta_X	Polar-centric-Mediophyceae	Bacterosira	Bacterosira_bathyomphala	FALSE	Bacterosira bathyomphala	cellular organisms; Eukaryota; Stramenopiles; Bacillariophyta; Coscinodiscophyceae; Thalassiosirophycidae; Thalassiosirales; Thalassiosiraceae; Bacterosira; 	gi|98990718|gb|DQ514894.1|	DQ514894	Bacterosira bathyomphala strain NB04-B6 18S small subunit ribosomal RNA gene, partial sequence	Bacterosira bathyomphala	382377	Eukaryota	diatoms	100	1770	655	0	0	1	655	634	1288	0	1210	1	Eukaryota	Stramenopiles	Ochrophyta	Bacillariophyta	Bacillariophyta_X	Polar-centric-Mediophyceae	Bacterosira	Bacterosira_bathyomphala	FALSE	Bacterosira bathyomphala	cellular organisms; Eukaryota; Stramenopiles; Bacillariophyta; Coscinodiscophyceae; Thalassiosirophycidae; Thalassiosirales; Thalassiosiraceae; Bacterosira; 	gi|98990718|gb|DQ514894.1|	DQ514894	Bacterosira bathyomphala strain NB04-B6 18S small subunit ribosomal RNA gene, partial sequence	Bacterosira bathyomphala	382377	Eukaryota	diatoms	100	1770	655	0	0	1	655	634	1288	0	1210	1	Eukaryota	Stramenopiles	Ochrophyta	Bacillariophyta	Bacillariophyta_X	Polar-centric-Mediophyceae	Bacterosira	Bacterosira_bathyomphala	FALSE	Bacterosira bathyomphala	cellular organisms; Eukaryota; Stramenopiles; Bacillariophyta; Coscinodiscophyceae; Thalassiosirophycidae; Thalassiosirales; Thalassiosiraceae; Bacterosira; 	Eukaryota	Stramenopiles	Ochrophyta	Bacillariophyta	Bacillariophyta_X	Polar-centric-Mediophyceae	Thalassiosira	39	44598	Division: Ochrophyta (N hits>90% = 63 - mean id = 98.32) - Division: Metazoa (N hits>90% = 2 - mean id = 98.63)
RCC5348	99	gi|955475201|gb|KT884481.1|	KT884481	Thalassiosira sp. RCC4288 18S ribosomal RNA gene, partial sequence	Thalassiosira sp. RCC4288	1762037	Eukaryota	diatoms	100	1015	997	0	0	1	997	19	1015	0	1842	1									FALSE	Thalassiosira sp. RCC4288	cellular organisms; Eukaryota; Stramenopiles; Bacillariophyta; Coscinodiscophyceae; Thalassiosirophycidae; Thalassiosirales; Thalassiosiraceae; Thalassiosira; unclassified Thalassiosira; 	gi|122831538|gb|EF140621.1|	EF140621	Thalassiosira antarctica strain T1 18S small subunit ribosomal RNA gene, partial sequence	Thalassiosira antarctica	160265	Eukaryota	diatoms	99.902	1792	1020	1	0	1	1020	638	1657	0	1879	2	Eukaryota	Stramenopiles	Ochrophyta	Bacillariophyta	Bacillariophyta_X	Polar-centric-Mediophyceae	Thalassiosira	Thalassiosira_antarctica	FALSE	Thalassiosira antarctica	cellular organisms; Eukaryota; Stramenopiles; Bacillariophyta; Coscinodiscophyceae; Thalassiosirophycidae; Thalassiosirales; Thalassiosiraceae; Thalassiosira; 	gi|955475201|gb|KT884481.1|	KT884481	Thalassiosira sp. RCC4288 18S ribosomal RNA gene, partial sequence	Thalassiosira sp. RCC4288	1762037	Eukaryota	diatoms	100	1015	997	0	0	1	997	19	1015	0	1842	1									FALSE	Thalassiosira sp. RCC4288	cellular organisms; Eukaryota; Stramenopiles; Bacillariophyta; Coscinodiscophyceae; Thalassiosirophycidae; Thalassiosirales; Thalassiosiraceae; Thalassiosira; unclassified Thalassiosira; 	Eukaryota	Stramenopiles	Ochrophyta	Bacillariophyta	Bacillariophyta_X	Polar-centric-Mediophyceae	Thalassiosira	34	62278	Division: Ochrophyta (N hits>90% = 78 - mean id = 98.95) - Division: Metazoa (N hits>90% = 1 - mean id = 98.92)
RCC5350	100	gi|72398632|gb|DQ093369.1|	DQ093369	Thalassiosira aestivalis strain CCMP 975 18S small subunit ribosomal RNA gene, partial sequence	Thalassiosira aestivalis	340024	Eukaryota	diatoms	100	1806	1011	0	0	1	1011	627	1637	0	1868	1	Eukaryota	Stramenopiles	Ochrophyta	Bacillariophyta	Bacillariophyta_X	Polar-centric-Mediophyceae	Thalassiosira	Thalassiosira_aestivalis	FALSE	Thalassiosira aestivalis	cellular organisms; Eukaryota; Stramenopiles; Bacillariophyta; Coscinodiscophyceae; Thalassiosirophycidae; Thalassiosirales; Thalassiosiraceae; Thalassiosira; 	gi|72398632|gb|DQ093369.1|	DQ093369	Thalassiosira aestivalis strain CCMP 975 18S small subunit ribosomal RNA gene, partial sequence	Thalassiosira aestivalis	340024	Eukaryota	diatoms	100	1806	1011	0	0	1	1011	627	1637	0	1868	1	Eukaryota	Stramenopiles	Ochrophyta	Bacillariophyta	Bacillariophyta_X	Polar-centric-Mediophyceae	Thalassiosira	Thalassiosira_aestivalis	FALSE	Thalassiosira aestivalis	cellular organisms; Eukaryota; Stramenopiles; Bacillariophyta; Coscinodiscophyceae; Thalassiosirophycidae; Thalassiosirales; Thalassiosiraceae; Thalassiosira; 	gi|72398632|gb|DQ093369.1|	DQ093369	Thalassiosira aestivalis strain CCMP 975 18S small subunit ribosomal RNA gene, partial sequence	Thalassiosira aestivalis	340024	Eukaryota	diatoms	100	1806	1011	0	0	1	1011	627	1637	0	1868	1	Eukaryota	Stramenopiles	Ochrophyta	Bacillariophyta	Bacillariophyta_X	Polar-centric-Mediophyceae	Thalassiosira	Thalassiosira_aestivalis	FALSE	Thalassiosira aestivalis	cellular organisms; Eukaryota; Stramenopiles; Bacillariophyta; Coscinodiscophyceae; Thalassiosirophycidae; Thalassiosirales; Thalassiosiraceae; Thalassiosira; 	Eukaryota	Stramenopiles	Ochrophyta	Bacillariophyta	Bacillariophyta_X	Polar-centric-Mediophyceae	Thalassiosira	27	48764	Division: Ochrophyta (N hits>90% = 78 - mean id = 98.72) - Division: Metazoa (N hits>90% = 2 - mean id = 98.47)
RCC5373	100	gi|540355794|gb|KC771158.1|	KC771158	Uncultured marine eukaryote clone I-8-MC812-OTU-59 18S ribosomal RNA gene, partial sequence	uncultured marine eukaryote	203449	Eukaryota	eukaryotes	100	1787	662	0	0	1	662	608	1269	0	1223	1	Eukaryota	Stramenopiles	Ochrophyta	Bacillariophyta	Bacillariophyta_X	Raphid-pennate	Raphid-pennate_X	Raphid-pennate_X_sp.	TRUE	uncultured marine eukaryote	cellular organisms; Eukaryota; environmental samples; 	gi|540355794|gb|KC771158.1|	KC771158	Uncultured marine eukaryote clone I-8-MC812-OTU-59 18S ribosomal RNA gene, partial sequence	uncultured marine eukaryote	203449	Eukaryota	eukaryotes	100	1787	662	0	0	1	662	608	1269	0	1223	1	Eukaryota	Stramenopiles	Ochrophyta	Bacillariophyta	Bacillariophyta_X	Raphid-pennate	Raphid-pennate_X	Raphid-pennate_X_sp.	TRUE	uncultured marine eukaryote	cellular organisms; Eukaryota; environmental samples; 	gi|1279118467|gb|KY054972.1|	KY054972	Navicula cari strain NZmm1W3 18S ribosomal RNA gene, partial sequence	Navicula cari	431399	Eukaryota	diatoms	100	1739	662	0	0	1	662	582	1243	0	1223	2									FALSE	Navicula cari	cellular organisms; Eukaryota; Stramenopiles; Bacillariophyta; Bacillariophyceae; Bacillariophycidae; Naviculales; Naviculaceae; Navicula; 	Eukaryota	Stramenopiles	Ochrophyta	Bacillariophyta	Bacillariophyta_X	Raphid-pennate	Navicula	22	26165	
RCC5374	99	gi|45356695|gb|AY485484.1|	AY485484	Navicula lanceolata 18S ribosomal RNA gene, partial sequence	Navicula lanceolata;Navicula ramosissima	265549	Eukaryota	diatoms	99.775	1690	445	1	0	1	445	563	1007	0	817	1	Eukaryota	Stramenopiles	Ochrophyta	Bacillariophyta	Bacillariophyta_X	Raphid-pennate	Navicula	Navicula_lanceolata	FALSE	Navicula lanceolata	cellular organisms; Eukaryota; Stramenopiles; Bacillariophyta; Bacillariophyceae; Bacillariophycidae; Naviculales; Naviculaceae; Navicula; 	gi|45356695|gb|AY485484.1|	AY485484	Navicula lanceolata 18S ribosomal RNA gene, partial sequence	Navicula lanceolata;Navicula ramosissima	265549	Eukaryota	diatoms	99.775	1690	445	1	0	1	445	563	1007	0	817	1	Eukaryota	Stramenopiles	Ochrophyta	Bacillariophyta	Bacillariophyta_X	Raphid-pennate	Navicula	Navicula_lanceolata	FALSE	Navicula lanceolata	cellular organisms; Eukaryota; Stramenopiles; Bacillariophyta; Bacillariophyceae; Bacillariophycidae; Naviculales; Naviculaceae; Navicula; 	gi|45356695|gb|AY485484.1|	AY485484	Navicula lanceolata 18S ribosomal RNA gene, partial sequence	Navicula lanceolata;Navicula ramosissima	265549	Eukaryota	diatoms	99.775	1690	445	1	0	1	445	563	1007	0	817	1	Eukaryota	Stramenopiles	Ochrophyta	Bacillariophyta	Bacillariophyta_X	Raphid-pennate	Navicula	Navicula_lanceolata	FALSE	Navicula lanceolata	cellular organisms; Eukaryota; Stramenopiles; Bacillariophyta; Bacillariophyceae; Bacillariophycidae; Naviculales; Naviculaceae; Navicula; 	Eukaryota	Stramenopiles	Ochrophyta	Bacillariophyta	Bacillariophyta_X	Raphid-pennate	Navicula	19	15228	
RCC5387	100	gi|281484932|gb|GQ375266.1|	GQ375266	Naviculales sp. CCMP2297 18S ribosomal RNA gene, partial sequence	Naviculales sp. CCMP2297	697908	Eukaryota	diatoms	97.357	1692	908	21	3	1	907	555	1460	0	1541	1	Eukaryota	Stramenopiles	Ochrophyta	Bacillariophyta	Bacillariophyta_X	Raphid-pennate	Naviculales	Naviculales_sp.	FALSE	Naviculales sp. CCMP2297	cellular organisms; Eukaryota; Stramenopiles; Bacillariophyta; Bacillariophyceae; Bacillariophycidae; Naviculales; unclassified Naviculales; 	gi|281484932|gb|GQ375266.1|	GQ375266	Naviculales sp. CCMP2297 18S ribosomal RNA gene, partial sequence	Naviculales sp. CCMP2297	697908	Eukaryota	diatoms	97.357	1692	908	21	3	1	907	555	1460	0	1541	1	Eukaryota	Stramenopiles	Ochrophyta	Bacillariophyta	Bacillariophyta_X	Raphid-pennate	Naviculales	Naviculales_sp.	FALSE	Naviculales sp. CCMP2297	cellular organisms; Eukaryota; Stramenopiles; Bacillariophyta; Bacillariophyceae; Bacillariophycidae; Naviculales; unclassified Naviculales; 	gi|281484932|gb|GQ375266.1|	GQ375266	Naviculales sp. CCMP2297 18S ribosomal RNA gene, partial sequence	Naviculales sp. CCMP2297	697908	Eukaryota	diatoms	97.357	1692	908	21	3	1	907	555	1460	0	1541	1	Eukaryota	Stramenopiles	Ochrophyta	Bacillariophyta	Bacillariophyta_X	Raphid-pennate	Naviculales	Naviculales_sp.	FALSE	Naviculales sp. CCMP2297	cellular organisms; Eukaryota; Stramenopiles; Bacillariophyta; Bacillariophyceae; Bacillariophycidae; Naviculales; unclassified Naviculales; 	Eukaryota	Stramenopiles	Ochrophyta	Bacillariophyta	Bacillariophyta_X	Raphid-pennate	Raphid-pennate_X	8	12226	
RCC5390	99	gi|291555952|emb|FN690570.1|	FN690570	Uncultured stramenopile partial 18S rRNA gene, clone 8-6	uncultured stramenopile	152704	Eukaryota	eukaryotes	100	1686	625	0	0	1	625	567	1191	0	1155	1	Eukaryota	Stramenopiles	Ochrophyta	Bacillariophyta	Bacillariophyta_X	Raphid-pennate	Raphid-pennate_X	Raphid-pennate_X_sp.	TRUE	uncultured stramenopile	cellular organisms; Eukaryota; Stramenopiles; environmental samples; 	gi|291555952|emb|FN690570.1|	FN690570	Uncultured stramenopile partial 18S rRNA gene, clone 8-6	uncultured stramenopile	152704	Eukaryota	eukaryotes	100	1686	625	0	0	1	625	567	1191	0	1155	1	Eukaryota	Stramenopiles	Ochrophyta	Bacillariophyta	Bacillariophyta_X	Raphid-pennate	Raphid-pennate_X	Raphid-pennate_X_sp.	TRUE	uncultured stramenopile	cellular organisms; Eukaryota; Stramenopiles; environmental samples; 	gi|339283208|gb|HM805020.1|	HM805020	Bacillaria cf. paxillifer BA14c 18S ribosomal RNA gene, partial sequence	Bacillaria cf. paxillifer BA14c	1051707	Eukaryota	diatoms	99.52	1772	625	3	0	1	625	594	1218	0	1138	16	Eukaryota	Stramenopiles	Ochrophyta	Bacillariophyta	Bacillariophyta_X	Raphid-pennate	Bacillaria	Bacillaria_paxillifer	FALSE	Bacillaria cf. paxillifer BA14c	cellular organisms; Eukaryota; Stramenopiles; Bacillariophyta; Bacillariophyceae; Bacillariophycidae; Bacillariales; Bacillariaceae; Bacillaria; 	Eukaryota	Stramenopiles	Ochrophyta	Bacillariophyta	Bacillariophyta_X	Raphid-pennate	Raphid-pennate_X	40	44876	
RCC5391	93	gi|540355807|gb|KC771171.1|	KC771171	Uncultured marine eukaryote clone I-8-MC728-OTU-57 18S ribosomal RNA gene, partial sequence	uncultured marine eukaryote	203449	Eukaryota	eukaryotes	99.798	1785	496	1	0	1	496	611	1106	0	911	1	Eukaryota	Stramenopiles	Ochrophyta	Bacillariophyta	Bacillariophyta_X	Raphid-pennate	Raphid-pennate_X	Raphid-pennate_X_sp.	TRUE	uncultured marine eukaryote	cellular organisms; Eukaryota; environmental samples; 	gi|540355807|gb|KC771171.1|	KC771171	Uncultured marine eukaryote clone I-8-MC728-OTU-57 18S ribosomal RNA gene, partial sequence	uncultured marine eukaryote	203449	Eukaryota	eukaryotes	99.798	1785	496	1	0	1	496	611	1106	0	911	1	Eukaryota	Stramenopiles	Ochrophyta	Bacillariophyta	Bacillariophyta_X	Raphid-pennate	Raphid-pennate_X	Raphid-pennate_X_sp.	TRUE	uncultured marine eukaryote	cellular organisms; Eukaryota; environmental samples; 	gi|1493678660|gb|MG799153.1|	MG799153	Nitzschia sp. (in: Bacillariophyta) isolate SKLMP_T009 18S ribosomal RNA gene, partial sequence	Nitzschia sp. (in: Bacillariophyta)	1884248	Eukaryota	diatoms	99.597	1698	496	2	0	1	496	587	1082	0	905	3									FALSE	Nitzschia sp. (in: Bacillariophyta)	cellular organisms; Eukaryota; Stramenopiles; Bacillariophyta; Bacillariophyceae; Bacillariophycidae; Bacillariales; Bacillariaceae; Nitzschia; unclassified Nitzschia; 	Eukaryota	Stramenopiles	Ochrophyta	Bacillariophyta	Bacillariophyta_X	Raphid-pennate	Raphid-pennate_X	38	33374	
RCC5402	98	gi|50507948|dbj|AB183593.1|	AB183593	Bacillariophyta sp. MBIC10102 gene for 18S rRNA, partial sequence, strain: MBIC10102	Bacillariophyta sp. MBIC10102	284678	Eukaryota	diatoms	99.34	1737	606	4	0	1	606	591	1196	0	1098	1	Eukaryota	Stramenopiles	Ochrophyta	Bacillariophyta	Bacillariophyta_X	Raphid-pennate	Raphid-pennate_X	Raphid-pennate_X_sp.	FALSE	Bacillariophyta sp. MBIC10102	cellular organisms; Eukaryota; Stramenopiles; Bacillariophyta; unclassified Bacillariophyta; 	gi|50507948|dbj|AB183593.1|	AB183593	Bacillariophyta sp. MBIC10102 gene for 18S rRNA, partial sequence, strain: MBIC10102	Bacillariophyta sp. MBIC10102	284678	Eukaryota	diatoms	99.34	1737	606	4	0	1	606	591	1196	0	1098	1	Eukaryota	Stramenopiles	Ochrophyta	Bacillariophyta	Bacillariophyta_X	Raphid-pennate	Raphid-pennate_X	Raphid-pennate_X_sp.	FALSE	Bacillariophyta sp. MBIC10102	cellular organisms; Eukaryota; Stramenopiles; Bacillariophyta; unclassified Bacillariophyta; 	gi|50507948|dbj|AB183593.1|	AB183593	Bacillariophyta sp. MBIC10102 gene for 18S rRNA, partial sequence, strain: MBIC10102	Bacillariophyta sp. MBIC10102	284678	Eukaryota	diatoms	99.34	1737	606	4	0	1	606	591	1196	0	1098	1	Eukaryota	Stramenopiles	Ochrophyta	Bacillariophyta	Bacillariophyta_X	Raphid-pennate	Raphid-pennate_X	Raphid-pennate_X_sp.	FALSE	Bacillariophyta sp. MBIC10102	cellular organisms; Eukaryota; Stramenopiles; Bacillariophyta; unclassified Bacillariophyta; 	Eukaryota	Stramenopiles	Ochrophyta	Bacillariophyta	Bacillariophyta_X	Raphid-pennate	Fistulifera	8	8047	
RCC5412	99	gi|7328327|emb|AJ236859.1|	AJ236859	Spumella elongata 18S rDNA gene	Spumella elongata	89044	Eukaryota	golden algae	100	1710	644	0	0	1	644	549	1192	0	1190	1	Eukaryota	Stramenopiles	Ochrophyta	Chrysophyceae	Chrysophyceae_X	Chrysophyceae_Clade-C	Spumella	Spumella_elongata	FALSE	Spumella elongata	cellular organisms; Eukaryota; Stramenopiles; Chrysophyceae; Chromulinales; Chromulinaceae; Spumella; 	gi|7328327|emb|AJ236859.1|	AJ236859	Spumella elongata 18S rDNA gene	Spumella elongata	89044	Eukaryota	golden algae	100	1710	644	0	0	1	644	549	1192	0	1190	1	Eukaryota	Stramenopiles	Ochrophyta	Chrysophyceae	Chrysophyceae_X	Chrysophyceae_Clade-C	Spumella	Spumella_elongata	FALSE	Spumella elongata	cellular organisms; Eukaryota; Stramenopiles; Chrysophyceae; Chromulinales; Chromulinaceae; Spumella; 	gi|7328327|emb|AJ236859.1|	AJ236859	Spumella elongata 18S rDNA gene	Spumella elongata	89044	Eukaryota	golden algae	100	1710	644	0	0	1	644	549	1192	0	1190	1	Eukaryota	Stramenopiles	Ochrophyta	Chrysophyceae	Chrysophyceae_X	Chrysophyceae_Clade-C	Spumella	Spumella_elongata	FALSE	Spumella elongata	cellular organisms; Eukaryota; Stramenopiles; Chrysophyceae; Chromulinales; Chromulinaceae; Spumella; 	Eukaryota	Stramenopiles	Ochrophyta	Chrysophyceae	Chrysophyceae_X	Chrysophyceae_Clade-C	Chrysophyceae_Clade-C_X	59	67172	
RCC5417	101	gi|392512965|emb|FO082268.1|	FO082268	Bathycoccus prasinos genomic : Chromosome_11	Bathycoccus prasinos	41875	Eukaryota	green algae	100	741603	465	0	0	1	465	39022	38558	0	859	1									FALSE	Bathycoccus prasinos	cellular organisms; Eukaryota; Viridiplantae; Chlorophyta; prasinophytes; Mamiellophyceae; Mamiellales; Bathycoccaceae; Bathycoccus; 	gi|338796263|emb|FR874324.1|	FR874324	uncultured marine picoeukaryote partial 18S rRNA gene, isolate ws_54, clone 1801F09	uncultured marine picoeukaryote	515363	Eukaryota	eukaryotes	100	1775	465	0	0	1	465	617	1081	0	859	3	Eukaryota	Archaeplastida	Chlorophyta	Mamiellophyceae	Mamiellales	Bathycoccaceae	Bathycoccus	Bathycoccus_prasinos	TRUE	uncultured marine picoeukaryote	cellular organisms; Eukaryota; environmental samples; 	gi|392512965|emb|FO082268.1|	FO082268	Bathycoccus prasinos genomic : Chromosome_11	Bathycoccus prasinos	41875	Eukaryota	green algae	100	741603	465	0	0	1	465	39022	38558	0	859	1									FALSE	Bathycoccus prasinos	cellular organisms; Eukaryota; Viridiplantae; Chlorophyta; prasinophytes; Mamiellophyceae; Mamiellales; Bathycoccaceae; Bathycoccus; 	Eukaryota	Archaeplastida	Chlorophyta	Mamiellophyceae	Mamiellales	Bathycoccaceae	Bathycoccus	72	61848	
RCC5418	99	gi|291556107|emb|FN690725.1|	FN690725	Uncultured Chlorophyta partial 18S rRNA gene, clone 4-E5	uncultured Chlorophyta	171245	Eukaryota	green algae	98.953	1662	764	8	0	1	764	559	1322	0	1367	1	Eukaryota	Archaeplastida	Chlorophyta	Mamiellophyceae	Mamiellales	Mamiellaceae	Mantoniella	Mantoniella_beaufortii	TRUE	uncultured Chlorophyta	cellular organisms; Eukaryota; Viridiplantae; Chlorophyta; environmental samples; 	gi|291556107|emb|FN690725.1|	FN690725	Uncultured Chlorophyta partial 18S rRNA gene, clone 4-E5	uncultured Chlorophyta	171245	Eukaryota	green algae	98.953	1662	764	8	0	1	764	559	1322	0	1367	1	Eukaryota	Archaeplastida	Chlorophyta	Mamiellophyceae	Mamiellales	Mamiellaceae	Mantoniella	Mantoniella_beaufortii	TRUE	uncultured Chlorophyta	cellular organisms; Eukaryota; Viridiplantae; Chlorophyta; environmental samples; 	gi|379030731|gb|JN934679.1|	JN934679	Mamiellaceae sp. RCC2288 18S ribosomal RNA gene, partial sequence	Mamiellaceae sp. RCC2288	1155430	Eukaryota	green algae	98.953	1557	764	8	0	1	764	475	1238	0	1367	2	Eukaryota	Archaeplastida	Chlorophyta	Mamiellophyceae	Mamiellales	Mamiellaceae	Mantoniella	Mantoniella_beaufortii	FALSE	Mamiellaceae sp. RCC2288	cellular organisms; Eukaryota; Viridiplantae; Chlorophyta; prasinophytes; Mamiellophyceae; unclassified Mamiellophyceae; 	Eukaryota	Archaeplastida	Chlorophyta	Mamiellophyceae	Mamiellales	Mamiellaceae	Mantoniella	11	14368	
RCC5450	96	gi|379030742|gb|JN934690.1|	JN934690	Pelagophyceae sp. RCC2505 18S ribosomal RNA gene, partial sequence	Pelagophyceae sp. RCC2505	1155439	Eukaryota	pelagophytes	100	1635	497	0	0	1	497	540	1036	0	918	1	Eukaryota	Stramenopiles	Ochrophyta	Pelagophyceae	Sarcinochrysidales	Sarcinochrysidaceae	Ankylochrysis	Ankylochrysis_sp.	FALSE	Pelagophyceae sp. RCC2505	cellular organisms; Eukaryota; Stramenopiles; Pelagophyceae; unclassified Pelagophyceae; 	gi|379030742|gb|JN934690.1|	JN934690	Pelagophyceae sp. RCC2505 18S ribosomal RNA gene, partial sequence	Pelagophyceae sp. RCC2505	1155439	Eukaryota	pelagophytes	100	1635	497	0	0	1	497	540	1036	0	918	1	Eukaryota	Stramenopiles	Ochrophyta	Pelagophyceae	Sarcinochrysidales	Sarcinochrysidaceae	Ankylochrysis	Ankylochrysis_sp.	FALSE	Pelagophyceae sp. RCC2505	cellular organisms; Eukaryota; Stramenopiles; Pelagophyceae; unclassified Pelagophyceae; 	gi|379030742|gb|JN934690.1|	JN934690	Pelagophyceae sp. RCC2505 18S ribosomal RNA gene, partial sequence	Pelagophyceae sp. RCC2505	1155439	Eukaryota	pelagophytes	100	1635	497	0	0	1	497	540	1036	0	918	1	Eukaryota	Stramenopiles	Ochrophyta	Pelagophyceae	Sarcinochrysidales	Sarcinochrysidaceae	Ankylochrysis	Ankylochrysis_sp.	FALSE	Pelagophyceae sp. RCC2505	cellular organisms; Eukaryota; Stramenopiles; Pelagophyceae; unclassified Pelagophyceae; 	Eukaryota	Stramenopiles	Ochrophyta	Pelagophyceae	Pelagomonadales	Pelagomonadaceae	Pelagomonas	19	15662	
RCC5453	98	gi|379030722|gb|JN934670.1|	JN934670	Pyramimonas sp. RCC1987 18S ribosomal RNA gene, partial sequence	Pyramimonas sp. RCC1987	1155428	Eukaryota	green algae	99.512	1651	819	4	0	1	819	543	1361	0	1491	1	Eukaryota	Archaeplastida	Chlorophyta	Pyramimonadales	Pyramimonadales_X	Pyramimonadales_XX	Pyramimonas	Pyramimonas_sp.	FALSE	Pyramimonas sp. RCC1987	cellular organisms; Eukaryota; Viridiplantae; Chlorophyta; prasinophytes; Pyramimonadales; Pyramimonas; 	gi|379030722|gb|JN934670.1|	JN934670	Pyramimonas sp. RCC1987 18S ribosomal RNA gene, partial sequence	Pyramimonas sp. RCC1987	1155428	Eukaryota	green algae	99.512	1651	819	4	0	1	819	543	1361	0	1491	1	Eukaryota	Archaeplastida	Chlorophyta	Pyramimonadales	Pyramimonadales_X	Pyramimonadales_XX	Pyramimonas	Pyramimonas_sp.	FALSE	Pyramimonas sp. RCC1987	cellular organisms; Eukaryota; Viridiplantae; Chlorophyta; prasinophytes; Pyramimonadales; Pyramimonas; 	gi|379030722|gb|JN934670.1|	JN934670	Pyramimonas sp. RCC1987 18S ribosomal RNA gene, partial sequence	Pyramimonas sp. RCC1987	1155428	Eukaryota	green algae	99.512	1651	819	4	0	1	819	543	1361	0	1491	1	Eukaryota	Archaeplastida	Chlorophyta	Pyramimonadales	Pyramimonadales_X	Pyramimonadales_XX	Pyramimonas	Pyramimonas_sp.	FALSE	Pyramimonas sp. RCC1987	cellular organisms; Eukaryota; Viridiplantae; Chlorophyta; prasinophytes; Pyramimonadales; Pyramimonas; 	Eukaryota	Archaeplastida	Chlorophyta	Pyramimonadales	Pyramimonadales_X	Pyramimonadales_XX	Pyramimonas	64	90143	
RCC5458	99	gi|565813809|gb|KF955285.1|	KF955285	Nitzschia bizertensis isolate BD2 18S ribosomal RNA gene, partial sequence	Nitzschia bizertensis	1435210	Eukaryota	diatoms	99.456	1592	551	3	0	36	586	562	1112	0	1002	1	Eukaryota	Stramenopiles	Ochrophyta	Bacillariophyta	Bacillariophyta_X	Raphid-pennate	Nitzschia	Nitzschia_bizertensis	FALSE	Nitzschia bizertensis	cellular organisms; Eukaryota; Stramenopiles; Bacillariophyta; Bacillariophyceae; Bacillariophycidae; Bacillariales; Bacillariaceae; Nitzschia; 	gi|565813809|gb|KF955285.1|	KF955285	Nitzschia bizertensis isolate BD2 18S ribosomal RNA gene, partial sequence	Nitzschia bizertensis	1435210	Eukaryota	diatoms	99.456	1592	551	3	0	36	586	562	1112	0	1002	1	Eukaryota	Stramenopiles	Ochrophyta	Bacillariophyta	Bacillariophyta_X	Raphid-pennate	Nitzschia	Nitzschia_bizertensis	FALSE	Nitzschia bizertensis	cellular organisms; Eukaryota; Stramenopiles; Bacillariophyta; Bacillariophyceae; Bacillariophycidae; Bacillariales; Bacillariaceae; Nitzschia; 	gi|565813809|gb|KF955285.1|	KF955285	Nitzschia bizertensis isolate BD2 18S ribosomal RNA gene, partial sequence	Nitzschia bizertensis	1435210	Eukaryota	diatoms	99.456	1592	551	3	0	36	586	562	1112	0	1002	1	Eukaryota	Stramenopiles	Ochrophyta	Bacillariophyta	Bacillariophyta_X	Raphid-pennate	Nitzschia	Nitzschia_bizertensis	FALSE	Nitzschia bizertensis	cellular organisms; Eukaryota; Stramenopiles; Bacillariophyta; Bacillariophyceae; Bacillariophycidae; Bacillariales; Bacillariaceae; Nitzschia; 	Eukaryota	Stramenopiles	Ochrophyta	Bacillariophyta	Bacillariophyta_X	Raphid-pennate	Raphid-pennate_X	43	44056	
RCC5460	99	gi|42627630|emb|AJ544653.1|	AJ544653	Sellaphora pupula partial 18S rRNA gene, strain SM-BLCAP	Sellaphora pupula	216741	Eukaryota	diatoms	99.034	1713	621	6	0	45	665	625	1245	0	1114	1	Eukaryota	Stramenopiles	Ochrophyta	Bacillariophyta	Bacillariophyta_X	Raphid-pennate	Sellaphora	Sellaphora_pupula	FALSE	Sellaphora pupula	cellular organisms; Eukaryota; Stramenopiles; Bacillariophyta; Bacillariophyceae; Bacillariophycidae; Naviculales; Sellaphoraceae; Sellaphora; 	gi|42627630|emb|AJ544653.1|	AJ544653	Sellaphora pupula partial 18S rRNA gene, strain SM-BLCAP	Sellaphora pupula	216741	Eukaryota	diatoms	99.034	1713	621	6	0	45	665	625	1245	0	1114	1	Eukaryota	Stramenopiles	Ochrophyta	Bacillariophyta	Bacillariophyta_X	Raphid-pennate	Sellaphora	Sellaphora_pupula	FALSE	Sellaphora pupula	cellular organisms; Eukaryota; Stramenopiles; Bacillariophyta; Bacillariophyceae; Bacillariophycidae; Naviculales; Sellaphoraceae; Sellaphora; 	gi|42627630|emb|AJ544653.1|	AJ544653	Sellaphora pupula partial 18S rRNA gene, strain SM-BLCAP	Sellaphora pupula	216741	Eukaryota	diatoms	99.034	1713	621	6	0	45	665	625	1245	0	1114	1	Eukaryota	Stramenopiles	Ochrophyta	Bacillariophyta	Bacillariophyta_X	Raphid-pennate	Sellaphora	Sellaphora_pupula	FALSE	Sellaphora pupula	cellular organisms; Eukaryota; Stramenopiles; Bacillariophyta; Bacillariophyceae; Bacillariophycidae; Naviculales; Sellaphoraceae; Sellaphora; 	Eukaryota	Stramenopiles	Ochrophyta	Bacillariophyta	Bacillariophyta_X	Raphid-pennate	Sellaphora	39	42835	
RCC5469	99	gi|336318094|gb|HM581774.1|	HM581774	Uncultured marine eukaryote clone CNCIII51_36 18S ribosomal RNA gene, partial sequence	uncultured marine eukaryote	203449	Eukaryota	eukaryotes	100	1772	739	0	0	1	739	609	1347	0	1365	1	Eukaryota	Stramenopiles	Ochrophyta	Bacillariophyta	Bacillariophyta_X	Raphid-pennate	Pseudo-nitzschia	Pseudo-nitzschia_seriata	TRUE	uncultured marine eukaryote	cellular organisms; Eukaryota; environmental samples; 	gi|336318094|gb|HM581774.1|	HM581774	Uncultured marine eukaryote clone CNCIII51_36 18S ribosomal RNA gene, partial sequence	uncultured marine eukaryote	203449	Eukaryota	eukaryotes	100	1772	739	0	0	1	739	609	1347	0	1365	1	Eukaryota	Stramenopiles	Ochrophyta	Bacillariophyta	Bacillariophyta_X	Raphid-pennate	Pseudo-nitzschia	Pseudo-nitzschia_seriata	TRUE	uncultured marine eukaryote	cellular organisms; Eukaryota; environmental samples; 	gi|337289606|gb|JF794046.1|	JF794046	Pseudo-nitzschia sp. RCC2004 18S ribosomal RNA gene, partial sequence	Pseudo-nitzschia sp. RCC2004	1035526	Eukaryota	diatoms	100	1607	739	0	0	1	739	510	1248	0	1365	2	Eukaryota	Stramenopiles	Ochrophyta	Bacillariophyta	Bacillariophyta_X	Raphid-pennate	Pseudo-nitzschia	Pseudo-nitzschia_seriata	FALSE	Pseudo-nitzschia sp. RCC2004	cellular organisms; Eukaryota; Stramenopiles; Bacillariophyta; Bacillariophyceae; Bacillariophycidae; Bacillariales; Bacillariaceae; Pseudo-nitzschia; unclassified Pseudo-nitzschia; 	Eukaryota	Stramenopiles	Ochrophyta	Bacillariophyta	Bacillariophyta_X	Raphid-pennate	Pseudo-nitzschia	45	60498	
RCC5483	98	gi|959096138|gb|KT860677.1|	KT860677	Pyramimonas sp. RCC669 18S ribosomal RNA gene, partial sequence	Pyramimonas sp. RCC669	1764154	Eukaryota	green algae	100	708	368	0	0	1	368	21	388	0	680	1	Eukaryota	Archaeplastida	Chlorophyta	Pyramimonadales	Pyramimonadales_X	Pyramimonadales_XX	Pyramimonas	Pyramimonas_sp.	FALSE	Pyramimonas sp. RCC669	cellular organisms; Eukaryota; Viridiplantae; Chlorophyta; prasinophytes; Pyramimonadales; Pyramimonas; 	gi|959096138|gb|KT860677.1|	KT860677	Pyramimonas sp. RCC669 18S ribosomal RNA gene, partial sequence	Pyramimonas sp. RCC669	1764154	Eukaryota	green algae	100	708	368	0	0	1	368	21	388	0	680	1	Eukaryota	Archaeplastida	Chlorophyta	Pyramimonadales	Pyramimonadales_X	Pyramimonadales_XX	Pyramimonas	Pyramimonas_sp.	FALSE	Pyramimonas sp. RCC669	cellular organisms; Eukaryota; Viridiplantae; Chlorophyta; prasinophytes; Pyramimonadales; Pyramimonas; 	gi|959096138|gb|KT860677.1|	KT860677	Pyramimonas sp. RCC669 18S ribosomal RNA gene, partial sequence	Pyramimonas sp. RCC669	1764154	Eukaryota	green algae	100	708	368	0	0	1	368	21	388	0	680	1	Eukaryota	Archaeplastida	Chlorophyta	Pyramimonadales	Pyramimonadales_X	Pyramimonadales_XX	Pyramimonas	Pyramimonas_sp.	FALSE	Pyramimonas sp. RCC669	cellular organisms; Eukaryota; Viridiplantae; Chlorophyta; prasinophytes; Pyramimonadales; Pyramimonas; 	Eukaryota	Archaeplastida	Chlorophyta	Pyramimonadales	Pyramimonadales_X	Pyramimonadales_XX	Pyramimonadales_XXX	7	4595	
RCC5486	100	gi|303431896|emb|AM490997.2|	AM490997	Dicrateria sp. ALGO HAP49 partial 18S rRNA gene, strain ALGO HAP49	Dicrateria sp. ALGO HAP49	424537	Eukaryota	haptophytes	98.661	1721	896	12	0	1	896	616	1511	0	1589	1	Eukaryota	Hacrobia	Haptophyta	Prymnesiophyceae	Isochrysidales	Isochrysidaceae	Isochrysis	Isochrysis_nuda	FALSE	Dicrateria sp. ALGO HAP49	cellular organisms; Eukaryota; Haptophyceae; Isochrysidales; Isochrysidaceae; Dicrateria; 	gi|303431896|emb|AM490997.2|	AM490997	Dicrateria sp. ALGO HAP49 partial 18S rRNA gene, strain ALGO HAP49	Dicrateria sp. ALGO HAP49	424537	Eukaryota	haptophytes	98.661	1721	896	12	0	1	896	616	1511	0	1589	1	Eukaryota	Hacrobia	Haptophyta	Prymnesiophyceae	Isochrysidales	Isochrysidaceae	Isochrysis	Isochrysis_nuda	FALSE	Dicrateria sp. ALGO HAP49	cellular organisms; Eukaryota; Haptophyceae; Isochrysidales; Isochrysidaceae; Dicrateria; 	gi|303431896|emb|AM490997.2|	AM490997	Dicrateria sp. ALGO HAP49 partial 18S rRNA gene, strain ALGO HAP49	Dicrateria sp. ALGO HAP49	424537	Eukaryota	haptophytes	98.661	1721	896	12	0	1	896	616	1511	0	1589	1	Eukaryota	Hacrobia	Haptophyta	Prymnesiophyceae	Isochrysidales	Isochrysidaceae	Isochrysis	Isochrysis_nuda	FALSE	Dicrateria sp. ALGO HAP49	cellular organisms; Eukaryota; Haptophyceae; Isochrysidales; Isochrysidaceae; Dicrateria; 	Eukaryota	Hacrobia	Haptophyta	Prymnesiophyceae	Isochrysidales	Isochrysidaceae	Tisochrysis	23	35232	
RCC5488	100	gi|160415936|gb|EU247837.1|	EU247837	Pelagophyceae sp. CCMP2097 18S ribosomal RNA gene, partial sequence	Pelagophyceae sp. CCMP2097	483370	Eukaryota	pelagophytes	99.151	1791	471	1	3	1	468	621	1091	0	845	1	Eukaryota	Stramenopiles	Ochrophyta	Pelagophyceae	Pelagophyceae_X	Pelagophyceae_XX	Pelagophyceae_XXX	Pelagophyceae_XXX_sp.	FALSE	Pelagophyceae sp. CCMP2097	cellular organisms; Eukaryota; Stramenopiles; Pelagophyceae; unclassified Pelagophyceae; 	gi|160415936|gb|EU247837.1|	EU247837	Pelagophyceae sp. CCMP2097 18S ribosomal RNA gene, partial sequence	Pelagophyceae sp. CCMP2097	483370	Eukaryota	pelagophytes	99.151	1791	471	1	3	1	468	621	1091	0	845	1	Eukaryota	Stramenopiles	Ochrophyta	Pelagophyceae	Pelagophyceae_X	Pelagophyceae_XX	Pelagophyceae_XXX	Pelagophyceae_XXX_sp.	FALSE	Pelagophyceae sp. CCMP2097	cellular organisms; Eukaryota; Stramenopiles; Pelagophyceae; unclassified Pelagophyceae; 	gi|160415936|gb|EU247837.1|	EU247837	Pelagophyceae sp. CCMP2097 18S ribosomal RNA gene, partial sequence	Pelagophyceae sp. CCMP2097	483370	Eukaryota	pelagophytes	99.151	1791	471	1	3	1	468	621	1091	0	845	1	Eukaryota	Stramenopiles	Ochrophyta	Pelagophyceae	Pelagophyceae_X	Pelagophyceae_XX	Pelagophyceae_XXX	Pelagophyceae_XXX_sp.	FALSE	Pelagophyceae sp. CCMP2097	cellular organisms; Eukaryota; Stramenopiles; Pelagophyceae; unclassified Pelagophyceae; 	Eukaryota	Stramenopiles	Ochrophyta	Pelagophyceae	Pelagophyceae_X	Pelagophyceae_XX	Pelagophyceae_XXX	19	15473	
RCC5489	100	gi|540355791|gb|KC771155.1|	KC771155	Uncultured marine eukaryote clone I-8-MC824-OTU-23 18S ribosomal RNA gene, partial sequence	uncultured marine eukaryote	203449	Eukaryota	eukaryotes	100	1785	763	0	0	1	763	611	1373	0	1410	1	Eukaryota	Stramenopiles	Ochrophyta	Bacillariophyta	Bacillariophyta_X	Raphid-pennate	Raphid-pennate_X	Raphid-pennate_X_sp.	TRUE	uncultured marine eukaryote	cellular organisms; Eukaryota; environmental samples; 	gi|540355791|gb|KC771155.1|	KC771155	Uncultured marine eukaryote clone I-8-MC824-OTU-23 18S ribosomal RNA gene, partial sequence	uncultured marine eukaryote	203449	Eukaryota	eukaryotes	100	1785	763	0	0	1	763	611	1373	0	1410	1	Eukaryota	Stramenopiles	Ochrophyta	Bacillariophyta	Bacillariophyta_X	Raphid-pennate	Raphid-pennate_X	Raphid-pennate_X_sp.	TRUE	uncultured marine eukaryote	cellular organisms; Eukaryota; environmental samples; 	gi|339283208|gb|HM805020.1|	HM805020	Bacillaria cf. paxillifer BA14c 18S ribosomal RNA gene, partial sequence	Bacillaria cf. paxillifer BA14c	1051707	Eukaryota	diatoms	99.083	1772	763	7	0	1	763	593	1355	0	1371	18	Eukaryota	Stramenopiles	Ochrophyta	Bacillariophyta	Bacillariophyta_X	Raphid-pennate	Bacillaria	Bacillaria_paxillifer	FALSE	Bacillaria cf. paxillifer BA14c	cellular organisms; Eukaryota; Stramenopiles; Bacillariophyta; Bacillariophyceae; Bacillariophycidae; Bacillariales; Bacillariaceae; Bacillaria; 	Eukaryota	Stramenopiles	Ochrophyta	Bacillariophyta	Bacillariophyta_X	Raphid-pennate	Raphid-pennate_X	33	45059	
RCC5501	99	gi|122831541|gb|EF140624.1|	EF140624	Fragilariopsis cylindrus 18S small subunit ribosomal RNA gene, partial sequence	Fragilariopsis cylindrus	186039	Eukaryota	diatoms	100	1779	889	0	0	1	889	608	1496	0	1642	1	Eukaryota	Stramenopiles	Ochrophyta	Bacillariophyta	Bacillariophyta_X	Raphid-pennate	Fragilariopsis	Fragilariopsis_cylindrus	FALSE	Fragilariopsis cylindrus	cellular organisms; Eukaryota; Stramenopiles; Bacillariophyta; Bacillariophyceae; Bacillariophycidae; Bacillariales; Bacillariaceae; Fragilariopsis; 	gi|122831541|gb|EF140624.1|	EF140624	Fragilariopsis cylindrus 18S small subunit ribosomal RNA gene, partial sequence	Fragilariopsis cylindrus	186039	Eukaryota	diatoms	100	1779	889	0	0	1	889	608	1496	0	1642	1	Eukaryota	Stramenopiles	Ochrophyta	Bacillariophyta	Bacillariophyta_X	Raphid-pennate	Fragilariopsis	Fragilariopsis_cylindrus	FALSE	Fragilariopsis cylindrus	cellular organisms; Eukaryota; Stramenopiles; Bacillariophyta; Bacillariophyceae; Bacillariophycidae; Bacillariales; Bacillariaceae; Fragilariopsis; 	gi|122831541|gb|EF140624.1|	EF140624	Fragilariopsis cylindrus 18S small subunit ribosomal RNA gene, partial sequence	Fragilariopsis cylindrus	186039	Eukaryota	diatoms	100	1779	889	0	0	1	889	608	1496	0	1642	1	Eukaryota	Stramenopiles	Ochrophyta	Bacillariophyta	Bacillariophyta_X	Raphid-pennate	Fragilariopsis	Fragilariopsis_cylindrus	FALSE	Fragilariopsis cylindrus	cellular organisms; Eukaryota; Stramenopiles; Bacillariophyta; Bacillariophyceae; Bacillariophycidae; Bacillariales; Bacillariaceae; Fragilariopsis; 	Eukaryota	Stramenopiles	Ochrophyta	Bacillariophyta	Bacillariophyta_X	Raphid-pennate	Raphid-pennate_X	61	98306	
RCC5502	100	gi|291556032|emb|FN690650.1|	FN690650	Uncultured stramenopile partial 18S rRNA gene, clone 3b-A6	uncultured stramenopile	152704	Eukaryota	eukaryotes	100	1688	751	0	0	1	751	579	1329	0	1387	1	Eukaryota	Stramenopiles	Ochrophyta	Bacillariophyta	Bacillariophyta_X	Polar-centric-Mediophyceae	Skeletonema	Skeletonema_sp.	TRUE	uncultured stramenopile	cellular organisms; Eukaryota; Stramenopiles; environmental samples; 	gi|291556032|emb|FN690650.1|	FN690650	Uncultured stramenopile partial 18S rRNA gene, clone 3b-A6	uncultured stramenopile	152704	Eukaryota	eukaryotes	100	1688	751	0	0	1	751	579	1329	0	1387	1	Eukaryota	Stramenopiles	Ochrophyta	Bacillariophyta	Bacillariophyta_X	Polar-centric-Mediophyceae	Skeletonema	Skeletonema_sp.	TRUE	uncultured stramenopile	cellular organisms; Eukaryota; Stramenopiles; environmental samples; 	gi|642941624|dbj|AB948140.1|	AB948140	Skeletonema costatum gene for 18S ribosomal RNA, partial sequence, strain: FTY014	Skeletonema costatum	2843	Eukaryota	diatoms	99.068	1764	751	7	0	1	751	618	1368	0	1349	11	Eukaryota	Stramenopiles	Ochrophyta	Bacillariophyta	Bacillariophyta_X	Polar-centric-Mediophyceae	Skeletonema	Skeletonema_costatum	FALSE	Skeletonema costatum	cellular organisms; Eukaryota; Stramenopiles; Bacillariophyta; Coscinodiscophyceae; Thalassiosirophycidae; Thalassiosirales; Skeletonemataceae; Skeletonema; 	Eukaryota	Stramenopiles	Ochrophyta	Bacillariophyta	Bacillariophyta_X	Polar-centric-Mediophyceae	Skeletonema	70	93781	
RCC5510	99	gi|291555960|emb|FN690578.1|	FN690578	Uncultured stramenopile partial 18S rRNA gene, clone 3b-B4	uncultured stramenopile	152704	Eukaryota	eukaryotes	100	1214	654	0	0	1	654	561	1214	0	1208	1	Eukaryota	Stramenopiles	Ochrophyta	Bacillariophyta	Bacillariophyta_X	Raphid-pennate	Raphid-pennate_X	Raphid-pennate_X_sp.	TRUE	uncultured stramenopile	cellular organisms; Eukaryota; Stramenopiles; environmental samples; 	gi|291555960|emb|FN690578.1|	FN690578	Uncultured stramenopile partial 18S rRNA gene, clone 3b-B4	uncultured stramenopile	152704	Eukaryota	eukaryotes	100	1214	654	0	0	1	654	561	1214	0	1208	1	Eukaryota	Stramenopiles	Ochrophyta	Bacillariophyta	Bacillariophyta_X	Raphid-pennate	Raphid-pennate_X	Raphid-pennate_X_sp.	TRUE	uncultured stramenopile	cellular organisms; Eukaryota; Stramenopiles; environmental samples; 	gi|1360707834|gb|MH063489.1|	MH063489	Nitzschia sp. (in: Bacillariophyta) strain KSA2015-38 Nitz-ED-10 small subunit ribosomal RNA gene, partial sequence	Nitzschia sp. (in: Bacillariophyta)	1884248	Eukaryota	diatoms	98.931	1609	655	7	0	1	655	590	1244	0	1171	5									FALSE	Nitzschia sp. (in: Bacillariophyta)	cellular organisms; Eukaryota; Stramenopiles; Bacillariophyta; Bacillariophyceae; Bacillariophycidae; Bacillariales; Bacillariaceae; Nitzschia; unclassified Nitzschia; 	Eukaryota	Stramenopiles	Ochrophyta	Bacillariophyta	Bacillariophyta_X	Raphid-pennate	Raphid-pennate_X	40	46167	
RCC5513	98	gi|89572034|emb|AJ965030.1|	AJ965030	Uncultured marine picoplancton 18S rRNA gene, clone He000803_6	uncultured marine picoplankton	324688	Eukaryota	eukaryotes	99.8	548	499	1	0	1	499	30	528	0	917	1									TRUE	uncultured marine picoplankton	cellular organisms; Eukaryota; environmental samples; 	gi|385663538|gb|JQ782092.1|	JQ782092	Uncultured stramenopile clone 905st23-30 18S ribosomal RNA gene, partial sequence	uncultured stramenopile	152704	Eukaryota	eukaryotes	99.8	1744	499	1	0	1	499	594	1092	0	917	2	Eukaryota	Stramenopiles	Ochrophyta	Chrysophyceae	Chrysophyceae_X	Chrysophyceae_Clade-C	Spumella	Spumella_sp.	TRUE	uncultured stramenopile	cellular organisms; Eukaryota; Stramenopiles; environmental samples; 	gi|1031620797|gb|KX014632.1|	KX014632	Spumella sp. RCC4558 18S ribosomal RNA gene, partial sequence	Spumella sp. RCC4558	1850964	Eukaryota	golden algae	99.8	700	499	1	0	1	499	1	499	0	917	3									FALSE	Spumella sp. RCC4558	cellular organisms; Eukaryota; Stramenopiles; Chrysophyceae; Chromulinales; Chromulinaceae; Spumella; unclassified Spumella; 	Eukaryota	Stramenopiles	Ochrophyta	Chrysophyceae	Chrysophyceae_X	Chrysophyceae_Clade-C	Chrysophyceae_Clade-C_X	53	46443	
RCC5518	100	gi|89572110|emb|AJ965106.1|	AJ965106	Uncultured marine picoplancton 18S rRNA gene, clone He000427_64	uncultured marine picoplankton	324688	Eukaryota	eukaryotes	100	546	370	0	0	1	370	30	399	0	684	1									TRUE	uncultured marine picoplankton	cellular organisms; Eukaryota; environmental samples; 	gi|125658391|gb|EF058252.1|	EF058252	Woloszynskia halophila strain WHTV S1 small subunit ribosomal RNA gene, partial sequence	Woloszynskia halophila	298366	Eukaryota	dinoflagellates	100	1712	370	0	0	1	370	562	931	0	684	3	Eukaryota	Alveolata	Dinoflagellata	Dinophyceae	Suessiales	Suessiaceae	Biecheleria	Biecheleria_baltica	FALSE	Woloszynskia halophila	cellular organisms; Eukaryota; Alveolata; Dinophyceae; Lophodiniales; Lophodiniaceae; Woloszynskia; 	gi|125658391|gb|EF058252.1|	EF058252	Woloszynskia halophila strain WHTV S1 small subunit ribosomal RNA gene, partial sequence	Woloszynskia halophila	298366	Eukaryota	dinoflagellates	100	1712	370	0	0	1	370	562	931	0	684	3	Eukaryota	Alveolata	Dinoflagellata	Dinophyceae	Suessiales	Suessiaceae	Biecheleria	Biecheleria_baltica	FALSE	Woloszynskia halophila	cellular organisms; Eukaryota; Alveolata; Dinophyceae; Lophodiniales; Lophodiniaceae; Woloszynskia; 	Eukaryota	Alveolata	Dinoflagellata	Dinophyceae	Dinophyceae_X	Tovelliaceae	Woloszynskia	54	36809	
RCC5522	100	gi|373938067|dbj|AB694599.1|	AB694599	Uncultured dinoflagellate gene for 18S rRNA, partial sequence, clone: PM41	uncultured dinoflagellate	187300	Eukaryota	dinoflagellates	100	720	371	0	0	1	371	204	574	0	686	1									TRUE	uncultured dinoflagellate	cellular organisms; Eukaryota; Alveolata; Dinophyceae; environmental samples; 	gi|291551468|emb|FN690118.1|	FN690118	Uncultured alveolate partial 18S rRNA gene, clone 1b-A5	uncultured alveolate	175274	Eukaryota	eukaryotes	99.73	1700	371	1	0	1	371	580	950	0	680	6	Eukaryota	Alveolata	Dinoflagellata	Dinophyceae	Suessiales	Suessiales_X	Suessiales_XX	Suessiales_XX_sp.	TRUE	uncultured alveolate	cellular organisms; Eukaryota; Alveolata; environmental samples; 	gi|295923991|gb|GQ423580.1|	GQ423580	Dinophyceae sp. ex Baikalospongia recta clone M5-31BR small subunit ribosomal RNA gene, partial sequence	Dinophyceae sp. ex Baikalospongia recta	763528	Eukaryota	dinoflagellates	99.73	712	371	1	0	1	371	290	660	0	680	8									FALSE	Dinophyceae sp. ex Baikalospongia recta	cellular organisms; Eukaryota; Alveolata; Dinophyceae; unclassified Dinophyceae; 	Eukaryota	Alveolata	Dinoflagellata	Dinophyceae	Dinophyceae_X	Tovelliaceae	Woloszynskia	48	32316	
RCC5525	98	gi|329025136|gb|JF699037.1|	JF699037	Uncultured Pyramimonas clone MALINA_St320_3m_Nano_ES069_G8 18S ribosomal RNA gene, partial sequence	uncultured Pyramimonas	1006574	Eukaryota	green algae	100	822	822	0	0	8	829	1	822	0	1519	1	Eukaryota	Archaeplastida	Chlorophyta	Pyramimonadales	Pyramimonadales_X	Pyramimonadales_XX	Pyramimonadales_XXX	Pyramimonadales_XXX_sp.	TRUE	uncultured Pyramimonas	cellular organisms; Eukaryota; Viridiplantae; Chlorophyta; prasinophytes; Pyramimonadales; environmental samples; 	gi|329025136|gb|JF699037.1|	JF699037	Uncultured Pyramimonas clone MALINA_St320_3m_Nano_ES069_G8 18S ribosomal RNA gene, partial sequence	uncultured Pyramimonas	1006574	Eukaryota	green algae	100	822	822	0	0	8	829	1	822	0	1519	1	Eukaryota	Archaeplastida	Chlorophyta	Pyramimonadales	Pyramimonadales_X	Pyramimonadales_XX	Pyramimonadales_XXX	Pyramimonadales_XXX_sp.	TRUE	uncultured Pyramimonas	cellular organisms; Eukaryota; Viridiplantae; Chlorophyta; prasinophytes; Pyramimonadales; environmental samples; 	gi|133901618|gb|EF432515.1|	EF432515	Prasinophyceae sp. RS-11 clone C2 18S ribosomal RNA gene, partial sequence	prasinophyte sp. RS-11	429241	Eukaryota	green algae	99.891	1719	921	1	0	1	921	577	1497	0	1696	2	Eukaryota	Archaeplastida	Chlorophyta	Pyramimonadales	Pyramimonadales_X	Pyramimonadales_XX	Pyramimonas	Pyramimonas_sp.	FALSE	prasinophyte sp. RS-11	cellular organisms; Eukaryota; Viridiplantae; Chlorophyta; prasinophytes; unclassified prasinophytes; 	Eukaryota	Archaeplastida	Chlorophyta	Pyramimonadales	Pyramimonadales_X	Pyramimonadales_XX	Pyramimonas	65	103679	
RCC5530	100	gi|379030729|gb|JN934677.1|	JN934677	Arcocellulus cornucervis strain RCC2270 18S ribosomal RNA gene, partial sequence	Arcocellulus cornucervis	1155433	Eukaryota	diatoms	100	1630	929	0	0	1	929	554	1482	0	1716	1	Eukaryota	Stramenopiles	Ochrophyta	Bacillariophyta	Bacillariophyta_X	Polar-centric-Mediophyceae	Arcocellulus	Arcocellulus_cornucervis	FALSE	Arcocellulus cornucervis	cellular organisms; Eukaryota; Stramenopiles; Bacillariophyta; Mediophyceae; Cymatosirophycidae; Cymatosirales; Cymatosiraceae; Arcocellulus; 	gi|379030729|gb|JN934677.1|	JN934677	Arcocellulus cornucervis strain RCC2270 18S ribosomal RNA gene, partial sequence	Arcocellulus cornucervis	1155433	Eukaryota	diatoms	100	1630	929	0	0	1	929	554	1482	0	1716	1	Eukaryota	Stramenopiles	Ochrophyta	Bacillariophyta	Bacillariophyta_X	Polar-centric-Mediophyceae	Arcocellulus	Arcocellulus_cornucervis	FALSE	Arcocellulus cornucervis	cellular organisms; Eukaryota; Stramenopiles; Bacillariophyta; Mediophyceae; Cymatosirophycidae; Cymatosirales; Cymatosiraceae; Arcocellulus; 	gi|379030729|gb|JN934677.1|	JN934677	Arcocellulus cornucervis strain RCC2270 18S ribosomal RNA gene, partial sequence	Arcocellulus cornucervis	1155433	Eukaryota	diatoms	100	1630	929	0	0	1	929	554	1482	0	1716	1	Eukaryota	Stramenopiles	Ochrophyta	Bacillariophyta	Bacillariophyta_X	Polar-centric-Mediophyceae	Arcocellulus	Arcocellulus_cornucervis	FALSE	Arcocellulus cornucervis	cellular organisms; Eukaryota; Stramenopiles; Bacillariophyta; Mediophyceae; Cymatosirophycidae; Cymatosirales; Cymatosiraceae; Arcocellulus; 	Eukaryota	Stramenopiles	Ochrophyta	Bacillariophyta	Bacillariophyta_X	Polar-centric-Mediophyceae	Polar-centric-Mediophyceae_X	18	29415	
RCC5531	99	gi|959096650|gb|KT861189.1|	KT861189	Eucampia groenlandica strain RCC2038 18S ribosomal RNA gene, partial sequence	Eucampia groenlandica	1035529	Eukaryota	diatoms	99.884	862	862	1	0	12	873	1	862	0	1587	1									FALSE	Eucampia groenlandica	cellular organisms; Eukaryota; Stramenopiles; Bacillariophyta; Mediophyceae; Biddulphiophycidae; Hemiaulales; Hemiaulaceae; Eucampia; 	gi|285804478|gb|FJ971820.1|	FJ971820	Uncultured marine eukaryote clone Ar1353d53 18S ribosomal RNA gene, partial sequence	uncultured marine eukaryote	203449	Eukaryota	eukaryotes	99.785	987	929	2	0	1	929	6	934	0	1705	3	Eukaryota	Stramenopiles	Ochrophyta	Bacillariophyta	Bacillariophyta_X	Polar-centric-Mediophyceae	Eucampia	Eucampia_sp.	TRUE	uncultured marine eukaryote	cellular organisms; Eukaryota; environmental samples; 	gi|959096650|gb|KT861189.1|	KT861189	Eucampia groenlandica strain RCC2038 18S ribosomal RNA gene, partial sequence	Eucampia groenlandica	1035529	Eukaryota	diatoms	99.884	862	862	1	0	12	873	1	862	0	1587	1									FALSE	Eucampia groenlandica	cellular organisms; Eukaryota; Stramenopiles; Bacillariophyta; Mediophyceae; Biddulphiophycidae; Hemiaulales; Hemiaulaceae; Eucampia; 	Eukaryota	Stramenopiles	Ochrophyta	Bacillariophyta	Bacillariophyta_X	Polar-centric-Mediophyceae	Eucampia	14	23428	
RCC5532	99	gi|337289601|gb|JF794041.1|	JF794041	Shionodiscus bioculatus strain RCC1991 18S ribosomal RNA gene, partial sequence	Thalassiosira bioculata	1048533	Eukaryota	diatoms	99.791	1621	958	1	1	1	957	541	1498	0	1757	1	Eukaryota	Stramenopiles	Ochrophyta	Bacillariophyta	Bacillariophyta_X	Polar-centric-Mediophyceae	Shionodiscus	Shionodiscus_bioculatus	FALSE	Thalassiosira bioculata	cellular organisms; Eukaryota; Stramenopiles; Bacillariophyta; Coscinodiscophyceae; Thalassiosirophycidae; Thalassiosirales; Thalassiosiraceae; Thalassiosira; 	gi|337289601|gb|JF794041.1|	JF794041	Shionodiscus bioculatus strain RCC1991 18S ribosomal RNA gene, partial sequence	Thalassiosira bioculata	1048533	Eukaryota	diatoms	99.791	1621	958	1	1	1	957	541	1498	0	1757	1	Eukaryota	Stramenopiles	Ochrophyta	Bacillariophyta	Bacillariophyta_X	Polar-centric-Mediophyceae	Shionodiscus	Shionodiscus_bioculatus	FALSE	Thalassiosira bioculata	cellular organisms; Eukaryota; Stramenopiles; Bacillariophyta; Coscinodiscophyceae; Thalassiosirophycidae; Thalassiosirales; Thalassiosiraceae; Thalassiosira; 	gi|337289601|gb|JF794041.1|	JF794041	Shionodiscus bioculatus strain RCC1991 18S ribosomal RNA gene, partial sequence	Thalassiosira bioculata	1048533	Eukaryota	diatoms	99.791	1621	958	1	1	1	957	541	1498	0	1757	1	Eukaryota	Stramenopiles	Ochrophyta	Bacillariophyta	Bacillariophyta_X	Polar-centric-Mediophyceae	Shionodiscus	Shionodiscus_bioculatus	FALSE	Thalassiosira bioculata	cellular organisms; Eukaryota; Stramenopiles; Bacillariophyta; Coscinodiscophyceae; Thalassiosirophycidae; Thalassiosirales; Thalassiosiraceae; Thalassiosira; 	Eukaryota	Stramenopiles	Ochrophyta	Bacillariophyta	Bacillariophyta_X	Polar-centric-Mediophyceae	Thalassiosira	37	62846	Division: Ochrophyta (N hits>90% = 82 - mean id = 98.69) - Division: Metazoa (N hits>90% = 2 - mean id = 98.43)
RCC5535	93	gi|959096663|gb|KT861202.1|	KT861202	Fragilariales sp. RCC2509 18S ribosomal RNA gene, partial sequence	Fragilariales sp. RCC2509	1764612	Eukaryota	diatoms	100	886	790	0	0	7	796	1	790	0	1459	1									FALSE	Fragilariales sp. RCC2509	cellular organisms; Eukaryota; Stramenopiles; Bacillariophyta; Fragilariophyceae; Fragilariophycidae; Fragilariales; unclassified Fragilariales; 	gi|147779790|emb|AJ971376.1|	AJ971376	Fragilaria barbararum partial 18S rRNA gene, strain ROS D99	Fragilaria barbararum	329475	Eukaryota	diatoms	99.749	1820	796	2	0	1	796	630	1425	0	1459	5	Eukaryota	Stramenopiles	Ochrophyta	Bacillariophyta	Bacillariophyta_X	Araphid-pennate	Fragilaria	Fragilaria_barbararum	FALSE	Fragilaria barbararum	cellular organisms; Eukaryota; Stramenopiles; Bacillariophyta; Fragilariophyceae; Fragilariophycidae; Fragilariales; Fragilariaceae; Fragilaria; 	gi|959096663|gb|KT861202.1|	KT861202	Fragilariales sp. RCC2509 18S ribosomal RNA gene, partial sequence	Fragilariales sp. RCC2509	1764612	Eukaryota	diatoms	100	886	790	0	0	7	796	1	790	0	1459	1									FALSE	Fragilariales sp. RCC2509	cellular organisms; Eukaryota; Stramenopiles; Bacillariophyta; Fragilariophyceae; Fragilariophycidae; Fragilariales; unclassified Fragilariales; 	Eukaryota	Stramenopiles	Ochrophyta	Bacillariophyta	Bacillariophyta_X	Araphid-pennate	Araphid-pennate_X	24	33425	Division: Ochrophyta (N hits>90% = 70 - mean id = 98.20) - Division: Stramenopiles_X (N hits>90% = 1 - mean id = 96.88)
RCC5555	97	gi|45356661|gb|AY485450.1|	AY485450	Attheya longicornis strain CCMP214 18S ribosomal RNA gene, partial sequence	Attheya longicornis	451786	Eukaryota	diatoms	100	1791	990	0	0	1	990	615	1604	0	1829	1	Eukaryota	Stramenopiles	Ochrophyta	Bacillariophyta	Bacillariophyta_X	Polar-centric-Mediophyceae	Attheya	Attheya_longicornis	FALSE	Attheya longicornis	cellular organisms; Eukaryota; Stramenopiles; Bacillariophyta; Coscinodiscophyceae; Chaetocerotophycidae; Chaetocerotales; Attheyaceae; Attheya; 	gi|45356661|gb|AY485450.1|	AY485450	Attheya longicornis strain CCMP214 18S ribosomal RNA gene, partial sequence	Attheya longicornis	451786	Eukaryota	diatoms	100	1791	990	0	0	1	990	615	1604	0	1829	1	Eukaryota	Stramenopiles	Ochrophyta	Bacillariophyta	Bacillariophyta_X	Polar-centric-Mediophyceae	Attheya	Attheya_longicornis	FALSE	Attheya longicornis	cellular organisms; Eukaryota; Stramenopiles; Bacillariophyta; Coscinodiscophyceae; Chaetocerotophycidae; Chaetocerotales; Attheyaceae; Attheya; 	gi|45356661|gb|AY485450.1|	AY485450	Attheya longicornis strain CCMP214 18S ribosomal RNA gene, partial sequence	Attheya longicornis	451786	Eukaryota	diatoms	100	1791	990	0	0	1	990	615	1604	0	1829	1	Eukaryota	Stramenopiles	Ochrophyta	Bacillariophyta	Bacillariophyta_X	Polar-centric-Mediophyceae	Attheya	Attheya_longicornis	FALSE	Attheya longicornis	cellular organisms; Eukaryota; Stramenopiles; Bacillariophyta; Coscinodiscophyceae; Chaetocerotophycidae; Chaetocerotales; Attheyaceae; Attheya; 	Eukaryota	Stramenopiles	Ochrophyta	Bacillariophyta	Bacillariophyta_X	Polar-centric-Mediophyceae	Attheya	11	19973	
RCC5564	93	gi|291555974|emb|FN690592.1|	FN690592	Uncultured stramenopile partial 18S rRNA gene, clone 5-C6	uncultured stramenopile	152704	Eukaryota	eukaryotes	99.855	1684	691	1	0	1	691	563	1253	0	1271	1	Eukaryota	Stramenopiles	Ochrophyta	Bacillariophyta	Bacillariophyta_X	Raphid-pennate	Raphid-pennate_X	Raphid-pennate_X_sp.	TRUE	uncultured stramenopile	cellular organisms; Eukaryota; Stramenopiles; environmental samples; 	gi|291555974|emb|FN690592.1|	FN690592	Uncultured stramenopile partial 18S rRNA gene, clone 5-C6	uncultured stramenopile	152704	Eukaryota	eukaryotes	99.855	1684	691	1	0	1	691	563	1253	0	1271	1	Eukaryota	Stramenopiles	Ochrophyta	Bacillariophyta	Bacillariophyta_X	Raphid-pennate	Raphid-pennate_X	Raphid-pennate_X_sp.	TRUE	uncultured stramenopile	cellular organisms; Eukaryota; Stramenopiles; environmental samples; 	gi|281484932|gb|GQ375266.1|	GQ375266	Naviculales sp. CCMP2297 18S ribosomal RNA gene, partial sequence	Naviculales sp. CCMP2297	697908	Eukaryota	diatoms	99.855	1692	691	1	0	1	691	540	1230	0	1271	4	Eukaryota	Stramenopiles	Ochrophyta	Bacillariophyta	Bacillariophyta_X	Raphid-pennate	Naviculales	Naviculales_sp.	FALSE	Naviculales sp. CCMP2297	cellular organisms; Eukaryota; Stramenopiles; Bacillariophyta; Bacillariophyceae; Bacillariophycidae; Naviculales; unclassified Naviculales; 	Eukaryota	Stramenopiles	Ochrophyta	Bacillariophyta	Bacillariophyta_X	Raphid-pennate	Raphid-pennate_X	24	28535	
RCC5567	57	gi|45356728|gb|AY485517.1|	AY485517	Attheya septentrionalis strain CCMP2084 18S ribosomal RNA gene, partial sequence	Attheya septentrionalis	420275	Eukaryota	diatoms	100	1715	514	0	0	1	514	609	1122	0	950	1	Eukaryota	Stramenopiles	Ochrophyta	Bacillariophyta	Bacillariophyta_X	Polar-centric-Mediophyceae	Attheya	Attheya_septentrionalis	FALSE	Attheya septentrionalis	cellular organisms; Eukaryota; Stramenopiles; Bacillariophyta; Coscinodiscophyceae; Chaetocerotophycidae; Chaetocerotales; Attheyaceae; Attheya; 	gi|45356728|gb|AY485517.1|	AY485517	Attheya septentrionalis strain CCMP2084 18S ribosomal RNA gene, partial sequence	Attheya septentrionalis	420275	Eukaryota	diatoms	100	1715	514	0	0	1	514	609	1122	0	950	1	Eukaryota	Stramenopiles	Ochrophyta	Bacillariophyta	Bacillariophyta_X	Polar-centric-Mediophyceae	Attheya	Attheya_septentrionalis	FALSE	Attheya septentrionalis	cellular organisms; Eukaryota; Stramenopiles; Bacillariophyta; Coscinodiscophyceae; Chaetocerotophycidae; Chaetocerotales; Attheyaceae; Attheya; 	gi|45356728|gb|AY485517.1|	AY485517	Attheya septentrionalis strain CCMP2084 18S ribosomal RNA gene, partial sequence	Attheya septentrionalis	420275	Eukaryota	diatoms	100	1715	514	0	0	1	514	609	1122	0	950	1	Eukaryota	Stramenopiles	Ochrophyta	Bacillariophyta	Bacillariophyta_X	Polar-centric-Mediophyceae	Attheya	Attheya_septentrionalis	FALSE	Attheya septentrionalis	cellular organisms; Eukaryota; Stramenopiles; Bacillariophyta; Coscinodiscophyceae; Chaetocerotophycidae; Chaetocerotales; Attheyaceae; Attheya; 	Eukaryota	Stramenopiles	Ochrophyta	Bacillariophyta	Bacillariophyta_X	Polar-centric-Mediophyceae	Attheya	13	12255	
RCC5605	98	gi|98990708|gb|DQ514884.1|	DQ514884	Thalassiosira rotula strain CCMP1812 18S small subunit ribosomal RNA gene, partial sequence	Thalassiosira rotula	49265	Eukaryota	diatoms	100	1746	918	0	0	1	918	609	1526	0	1696	1	Eukaryota	Stramenopiles	Ochrophyta	Bacillariophyta	Bacillariophyta_X	Polar-centric-Mediophyceae	Thalassiosira	Thalassiosira_rotula	FALSE	Thalassiosira rotula	cellular organisms; Eukaryota; Stramenopiles; Bacillariophyta; Coscinodiscophyceae; Thalassiosirophycidae; Thalassiosirales; Thalassiosiraceae; Thalassiosira; 	gi|98990708|gb|DQ514884.1|	DQ514884	Thalassiosira rotula strain CCMP1812 18S small subunit ribosomal RNA gene, partial sequence	Thalassiosira rotula	49265	Eukaryota	diatoms	100	1746	918	0	0	1	918	609	1526	0	1696	1	Eukaryota	Stramenopiles	Ochrophyta	Bacillariophyta	Bacillariophyta_X	Polar-centric-Mediophyceae	Thalassiosira	Thalassiosira_rotula	FALSE	Thalassiosira rotula	cellular organisms; Eukaryota; Stramenopiles; Bacillariophyta; Coscinodiscophyceae; Thalassiosirophycidae; Thalassiosirales; Thalassiosiraceae; Thalassiosira; 	gi|98990708|gb|DQ514884.1|	DQ514884	Thalassiosira rotula strain CCMP1812 18S small subunit ribosomal RNA gene, partial sequence	Thalassiosira rotula	49265	Eukaryota	diatoms	100	1746	918	0	0	1	918	609	1526	0	1696	1	Eukaryota	Stramenopiles	Ochrophyta	Bacillariophyta	Bacillariophyta_X	Polar-centric-Mediophyceae	Thalassiosira	Thalassiosira_rotula	FALSE	Thalassiosira rotula	cellular organisms; Eukaryota; Stramenopiles; Bacillariophyta; Coscinodiscophyceae; Thalassiosirophycidae; Thalassiosirales; Thalassiosiraceae; Thalassiosira; 	Eukaryota	Stramenopiles	Ochrophyta	Bacillariophyta	Bacillariophyta_X	Polar-centric-Mediophyceae	Thalassiosira	41	68057	Division: Ochrophyta (N hits>90% = 75 - mean id = 99.09) - Division: Metazoa (N hits>90% = 2 - mean id = 98.80)
RCC5606	99	gi|337289604|gb|JF794044.1|	JF794044	Chaetoceros decipiens strain RCC1997 18S ribosomal RNA gene, partial sequence	Chaetoceros decipiens	655751	Eukaryota	diatoms	99.753	1619	810	1	1	1	810	545	1353	0	1483	1	Eukaryota	Stramenopiles	Ochrophyta	Bacillariophyta	Bacillariophyta_X	Polar-centric-Mediophyceae	Chaetoceros	Chaetoceros_decipiens	FALSE	Chaetoceros decipiens	cellular organisms; Eukaryota; Stramenopiles; Bacillariophyta; Coscinodiscophyceae; Chaetocerotophycidae; Chaetocerotales; Chaetocerotaceae; Chaetoceros; 	gi|337289604|gb|JF794044.1|	JF794044	Chaetoceros decipiens strain RCC1997 18S ribosomal RNA gene, partial sequence	Chaetoceros decipiens	655751	Eukaryota	diatoms	99.753	1619	810	1	1	1	810	545	1353	0	1483	1	Eukaryota	Stramenopiles	Ochrophyta	Bacillariophyta	Bacillariophyta_X	Polar-centric-Mediophyceae	Chaetoceros	Chaetoceros_decipiens	FALSE	Chaetoceros decipiens	cellular organisms; Eukaryota; Stramenopiles; Bacillariophyta; Coscinodiscophyceae; Chaetocerotophycidae; Chaetocerotales; Chaetocerotaceae; Chaetoceros; 	gi|337289604|gb|JF794044.1|	JF794044	Chaetoceros decipiens strain RCC1997 18S ribosomal RNA gene, partial sequence	Chaetoceros decipiens	655751	Eukaryota	diatoms	99.753	1619	810	1	1	1	810	545	1353	0	1483	1	Eukaryota	Stramenopiles	Ochrophyta	Bacillariophyta	Bacillariophyta_X	Polar-centric-Mediophyceae	Chaetoceros	Chaetoceros_decipiens	FALSE	Chaetoceros decipiens	cellular organisms; Eukaryota; Stramenopiles; Bacillariophyta; Coscinodiscophyceae; Chaetocerotophycidae; Chaetocerotales; Chaetocerotaceae; Chaetoceros; 	Eukaryota	Stramenopiles	Ochrophyta	Bacillariophyta	Bacillariophyta_X	Polar-centric-Mediophyceae	Chaetoceros	7	9291	
RCC5607	98	gi|183240523|gb|EU371328.1|	EU371328	Uncultured marine eukaryote clone NPK60_71 18S ribosomal RNA gene gene, partial sequence	uncultured marine eukaryote	203449	Eukaryota	eukaryotes	100	1750	794	0	0	1	794	615	1408	0	1467	1	Eukaryota	Stramenopiles	Ochrophyta	Bacillariophyta	Bacillariophyta_X	Radial-centric-basal-Coscinodiscophyceae	Radial-centric-basal-Coscinodiscophyceae_X	Radial-centric-basal-Coscinodiscophyceae_X_sp.	TRUE	uncultured marine eukaryote	cellular organisms; Eukaryota; environmental samples; 	gi|183240523|gb|EU371328.1|	EU371328	Uncultured marine eukaryote clone NPK60_71 18S ribosomal RNA gene gene, partial sequence	uncultured marine eukaryote	203449	Eukaryota	eukaryotes	100	1750	794	0	0	1	794	615	1408	0	1467	1	Eukaryota	Stramenopiles	Ochrophyta	Bacillariophyta	Bacillariophyta_X	Radial-centric-basal-Coscinodiscophyceae	Radial-centric-basal-Coscinodiscophyceae_X	Radial-centric-basal-Coscinodiscophyceae_X_sp.	TRUE	uncultured marine eukaryote	cellular organisms; Eukaryota; environmental samples; 	gi|511648731|gb|KC309522.1|	KC309522	Actinocyclus sp. 1 MPA-2013 isolate ECT3899tinydrum 18S ribosomal RNA gene, partial sequence	Actinocyclus sp. 1 MPA-2013	1335100	Eukaryota	diatoms	99.874	1641	794	1	0	1	794	623	1416	0	1461	2	Eukaryota	Stramenopiles	Ochrophyta	Bacillariophyta	Bacillariophyta_X	Radial-centric-basal-Coscinodiscophyceae	Actinocyclus	Actinocyclus_sp.	FALSE	Actinocyclus sp. 1 MPA-2013	cellular organisms; Eukaryota; Stramenopiles; Bacillariophyta; Coscinodiscophyceae; Coscinodiscophycidae; Coscinodiscales; Hemidiscaceae; Actinocyclus; 	Eukaryota	Stramenopiles	Ochrophyta	Bacillariophyta	Bacillariophyta_X	Radial-centric-basal-Coscinodiscophyceae	Actinocyclus	4	5585	
RCC5610	100	gi|571257166|emb|HF952572.1|	HF952572	Rhodomonas marina genomic DNA containing 18S rRNA gene, ITS1, 5.8S rRNA gene, ITS2 and 28S rRNA gene, strain SCCAP K-0435	Rhodomonas marina	37097	Eukaryota	cryptomonads	100	2500	813	0	0	1	813	424	1236	0	1502	1									FALSE	Rhodomonas marina	cellular organisms; Eukaryota; Cryptophyta; Pyrenomonadales; Pyrenomonadaceae; Rhodomonas; 	gi|379030724|gb|JN934672.1|	JN934672	Rhodomonas sp. RCC2020 18S ribosomal RNA gene, partial sequence	Rhodomonas sp. RCC2020	1155432	Eukaryota	cryptomonads	100	1600	813	0	0	1	813	519	1331	0	1502	6	Eukaryota	Hacrobia	Cryptophyta	Cryptophyceae	Cryptophyceae_X	Cryptomonadales	Rhodomonas	Rhodomonas_sp.	FALSE	Rhodomonas sp. RCC2020	cellular organisms; Eukaryota; Cryptophyta; Pyrenomonadales; Pyrenomonadaceae; Rhodomonas; 	gi|571257166|emb|HF952572.1|	HF952572	Rhodomonas marina genomic DNA containing 18S rRNA gene, ITS1, 5.8S rRNA gene, ITS2 and 28S rRNA gene, strain SCCAP K-0435	Rhodomonas marina	37097	Eukaryota	cryptomonads	100	2500	813	0	0	1	813	424	1236	0	1502	1									FALSE	Rhodomonas marina	cellular organisms; Eukaryota; Cryptophyta; Pyrenomonadales; Pyrenomonadaceae; Rhodomonas; 	Eukaryota	Hacrobia	Cryptophyta	Cryptophyceae	Cryptophyceae_X	Cryptomonadales	Rhodomonas	18	25670	Division: Cryptophyta (N hits>90% = 27 - mean id = 98.13) - Division: Chlorophyta (N hits>90% = 1 - mean id = 100.00)
